#
# There is insufficient memory for the Java Runtime Environment to continue.
# Native memory allocation (malloc) failed to allocate 32744 bytes for ChunkPool::allocate
# Possible reasons:
#   The system is out of physical RAM or swap space
#   The process is running with CompressedOops enabled, and the Java Heap may be blocking the growth of the native heap
# Possible solutions:
#   Reduce memory load on the system
#   Increase physical memory or swap space
#   Check if swap backing store is full
#   Decrease Java heap size (-Xmx/-Xms)
#   Decrease number of Java threads
#   Decrease Java thread stack sizes (-Xss)
#   Set larger code cache with -XX:ReservedCodeCacheSize=
#   JVM is running with Unscaled Compressed Oops mode in which the Java heap is
#     placed in the first 4GB address space. The Java Heap base address is the
#     maximum limit for the native heap growth. Please use -XX:HeapBaseMinAddress
#     to set the Java Heap base and to place the Java Heap above 4GB virtual address.
# This output file may be truncated or incomplete.
#
#  Out of Memory Error (arena.cpp:78), pid=38156, tid=15532
#
# JRE version: Java(TM) SE Runtime Environment (17.0.12+8) (build 17.0.12+8-LTS-286)
# Java VM: Java HotSpot(TM) 64-Bit Server VM (17.0.12+8-LTS-286, mixed mode, sharing, tiered, compressed oops, compressed class ptrs, g1 gc, windows-amd64)
# No core dump will be written. Minidumps are not enabled by default on client versions of Windows
#

---------------  S U M M A R Y ------------

Command Line: --add-opens=java.base/java.lang=ALL-UNNAMED --add-opens=java.base/java.lang.invoke=ALL-UNNAMED --add-opens=java.base/java.util=ALL-UNNAMED --add-opens=java.prefs/java.util.prefs=ALL-UNNAMED --add-exports=jdk.compiler/com.sun.tools.javac.api=ALL-UNNAMED --add-exports=jdk.compiler/com.sun.tools.javac.util=ALL-UNNAMED --add-opens=java.base/java.util=ALL-UNNAMED --add-opens=java.prefs/java.util.prefs=ALL-UNNAMED --add-opens=java.base/java.nio.charset=ALL-UNNAMED --add-opens=java.base/java.net=ALL-UNNAMED --add-opens=java.base/java.util.concurrent.atomic=ALL-UNNAMED --add-opens=java.xml/javax.xml.namespace=ALL-UNNAMED -XX:MaxMetaspaceSize=384m -XX:+HeapDumpOnOutOfMemoryError -Xms256m -Xmx512m -Dfile.encoding=UTF-8 -Duser.country=KR -Duser.language=ko -Duser.variant -javaagent:C:\Seokjin\hello-spring\wrapper\dists\gradle-8.14.3-bin\cv11ve7ro1n3o1j4so8xd9n66\gradle-8.14.3\lib\agents\gradle-instrumentation-agent-8.14.3.jar org.gradle.launcher.daemon.bootstrap.GradleDaemon 8.14.3

Host: Intel(R) Core(TM) i7-9750H CPU @ 2.60GHz, 12 cores, 15G,  Windows 10 , 64 bit Build 19041 (10.0.19041.5915)
Time: Mon Oct 27 19:37:51 2025  Windows 10 , 64 bit Build 19041 (10.0.19041.5915) elapsed time: 15.672253 seconds (0d 0h 0m 15s)

---------------  T H R E A D  ---------------

Current thread (0x00000201af2496a0):  JavaThread "C2 CompilerThread1" daemon [_thread_in_native, id=15532, stack(0x0000001ecf300000,0x0000001ecf400000)]


Current CompileTask:
C2:  15672 10874       4       org.gradle.internal.logging.text.AbstractLineChoppingStyledTextOutput$1::execute (9 bytes)

Stack: [0x0000001ecf300000,0x0000001ecf400000]
Native frames: (J=compiled Java code, j=interpreted, Vv=VM code, C=native code)
V  [jvm.dll+0x67a04a]
V  [jvm.dll+0x7da4ed]
V  [jvm.dll+0x7dbe33]
V  [jvm.dll+0x7dc4a3]
V  [jvm.dll+0x24508f]
V  [jvm.dll+0xab9a4]
V  [jvm.dll+0xabd3c]
V  [jvm.dll+0x11e255]
V  [jvm.dll+0x6a3817]
V  [jvm.dll+0x1ba717]
V  [jvm.dll+0x216997]
V  [jvm.dll+0x215c6f]
V  [jvm.dll+0x1a2960]
V  [jvm.dll+0x22610b]
V  [jvm.dll+0x2242ab]
V  [jvm.dll+0x79075c]
V  [jvm.dll+0x78abea]
V  [jvm.dll+0x678f35]
C  [ucrtbase.dll+0x21bb2]
C  [KERNEL32.DLL+0x17374]
C  [ntdll.dll+0x4cc91]


---------------  P R O C E S S  ---------------

Threads class SMR info:
_java_thread_list=0x00000201ac3c3bf0, length=198, elements={
0x00000201f4e08240, 0x0000020191b274a0, 0x0000020191b2a240, 0x0000020191b44b30,
0x0000020191b47510, 0x0000020191b48df0, 0x0000020191b4d3e0, 0x0000020191b5bfb0,
0x0000020191b5c8c0, 0x0000020191b6fdb0, 0x00000201ab0ba4f0, 0x00000201ab0baa00,
0x00000201ab0bb930, 0x00000201ab0bcd70, 0x00000201ab0b9ad0, 0x00000201ab0bb420,
0x00000201ab0b9fe0, 0x00000201ab0bc860, 0x00000201ab0baf10, 0x00000201ab0bbe40,
0x00000201ab0bc350, 0x00000201ad1e3200, 0x00000201ad1e13a0, 0x00000201ad1e0e90,
0x00000201ad1e22d0, 0x00000201ad1e5060, 0x00000201ad1df540, 0x00000201ad1e4640,
0x00000201ad1e4b50, 0x00000201ad1e5f90, 0x00000201ad1e3710, 0x00000201ad1e64a0,
0x00000201ad1dfa50, 0x00000201ad1e27e0, 0x00000201ad1e0470, 0x00000201ad1e5570,
0x00000201ad1df030, 0x00000201ad1e5a80, 0x00000201ad1e4130, 0x00000201ad1e0980,
0x00000201ad1e69b0, 0x00000201af81c240, 0x00000201af815d00, 0x00000201af8194b0,
0x00000201af81c750, 0x00000201af81cc60, 0x00000201af817140, 0x00000201af819ed0,
0x00000201af81a8f0, 0x00000201af81d170, 0x00000201af81d680, 0x00000201af81ae00,
0x00000201af816720, 0x00000201af818070, 0x00000201af816210, 0x00000201af816c30,
0x00000201af81b310, 0x00000201af81b820, 0x00000201af81bd30, 0x00000201af817b60,
0x00000201af818580, 0x00000201af818a90, 0x00000201af818fa0, 0x00000201af8199c0,
0x00000201ad82e8b0, 0x00000201ad830710, 0x00000201ad82de90, 0x00000201ad82f7e0,
0x00000201ad82f2d0, 0x00000201ad830c20, 0x00000201ad82edc0, 0x00000201ad831130,
0x00000201ad82fcf0, 0x00000201ad82e3a0, 0x00000201ad830200, 0x00000201ad82d980,
0x00000201ad6eec40, 0x00000201ad6ebeb0, 0x00000201ad6ec3c0, 0x00000201ad6ef660,
0x00000201ad6ef150, 0x00000201ad6ed800, 0x00000201ad6edd10, 0x00000201ad6ec8d0,
0x00000201af344740, 0x00000201af343810, 0x00000201af345160, 0x00000201af343300,
0x00000201af345670, 0x00000201af3474d0, 0x00000201af3423d0, 0x00000201af3479e0,
0x00000201af343d20, 0x00000201af344230, 0x00000201af344c50, 0x00000201af345b80,
0x00000201af346090, 0x00000201af3465a0, 0x00000201af346ab0, 0x00000201af347ef0,
0x00000201af3414a0, 0x00000201af348400, 0x00000201af348e20, 0x00000201af348910,
0x00000201af3419b0, 0x00000201af3428e0, 0x00000201af341ec0, 0x00000201af342df0,
0x00000201ad58ef50, 0x00000201ad58fe80, 0x00000201ad58d0f0, 0x00000201ad58f460,
0x00000201ad58d600, 0x00000201ad590390, 0x00000201ad58e020, 0x00000201ad58e530,
0x00000201ad58db10, 0x00000201ad5908a0, 0x00000201ad58ea40, 0x00000201ad58f970,
0x00000201ae482820, 0x00000201ae47f070, 0x00000201ae47eb60, 0x00000201ae482d30,
0x00000201ae482310, 0x00000201ae4809c0, 0x00000201ae47fa90, 0x00000201ae47f580,
0x00000201ae4818f0, 0x00000201ae484680, 0x00000201ae47e140, 0x00000201ae47dc30,
0x00000201ae483240, 0x00000201ae47ffa0, 0x00000201ae4813e0, 0x00000201ae484b90,
0x00000201ae47e650, 0x00000201ae47d720, 0x00000201ae4804b0, 0x00000201ae480ed0,
0x00000201ae4850a0, 0x00000201ae481e00, 0x00000201ae483750, 0x00000201ae484170,
0x00000201adb95db0, 0x00000201adb93020, 0x00000201adb93a40, 0x00000201adb94970,
0x00000201adb962c0, 0x00000201adb93f50, 0x00000201adb93530, 0x00000201adb94e80,
0x00000201adb967d0, 0x00000201adb95390, 0x00000201adb94460, 0x00000201ad76fd00,
0x00000201ad76d480, 0x00000201ad772070, 0x00000201ad76edd0, 0x00000201ad76e8c0,
0x00000201ad772fa0, 0x00000201ad76f2e0, 0x00000201ad76cf70, 0x00000201ad770720,
0x00000201ad76c040, 0x00000201ad76f7f0, 0x00000201ad770210, 0x00000201ad771140,
0x00000201ad772580, 0x00000201ad7734b0, 0x00000201ad76e3b0, 0x00000201ad770c30,
0x00000201ad7739c0, 0x00000201ad771650, 0x00000201ad76d990, 0x00000201ad771b60,
0x00000201ad772a90, 0x00000201ad76ca60, 0x00000201ad76dea0, 0x00000201af2496a0,
0x00000201afd3e580, 0x00000201afd3ea90, 0x00000201afd39480, 0x00000201afd3f9c0,
0x00000201afd403e0, 0x00000201afd3efa0, 0x00000201afd3b2e0, 0x00000201afd39990,
0x00000201afd3b7f0, 0x00000201afd38f70, 0x00000201afd3bd00, 0x00000201afd3db60,
0x00000201afd3add0, 0x00000201afd3c720, 0x00000201afd3cc30, 0x00000201afd3d140,
0x00000201afd3d650, 0x00000201afd39ea0
}

Java Threads: ( => current thread )
  0x00000201f4e08240 JavaThread "main" [_thread_blocked, id=42452, stack(0x0000001ecd100000,0x0000001ecd200000)]
  0x0000020191b274a0 JavaThread "Reference Handler" daemon [_thread_blocked, id=23376, stack(0x0000001ecd800000,0x0000001ecd900000)]
  0x0000020191b2a240 JavaThread "Finalizer" daemon [_thread_blocked, id=34216, stack(0x0000001ecd900000,0x0000001ecda00000)]
  0x0000020191b44b30 JavaThread "Signal Dispatcher" daemon [_thread_blocked, id=11680, stack(0x0000001ecda00000,0x0000001ecdb00000)]
  0x0000020191b47510 JavaThread "Attach Listener" daemon [_thread_blocked, id=32948, stack(0x0000001ecdb00000,0x0000001ecdc00000)]
  0x0000020191b48df0 JavaThread "Service Thread" daemon [_thread_blocked, id=28296, stack(0x0000001ecdc00000,0x0000001ecdd00000)]
  0x0000020191b4d3e0 JavaThread "Monitor Deflation Thread" daemon [_thread_blocked, id=21792, stack(0x0000001ecdd00000,0x0000001ecde00000)]
  0x0000020191b5bfb0 JavaThread "C2 CompilerThread0" daemon [_thread_in_native, id=33156, stack(0x0000001ecde00000,0x0000001ecdf00000)]
  0x0000020191b5c8c0 JavaThread "C1 CompilerThread0" daemon [_thread_blocked, id=18232, stack(0x0000001ecdf00000,0x0000001ece000000)]
  0x0000020191b6fdb0 JavaThread "Sweeper thread" daemon [_thread_blocked, id=42484, stack(0x0000001ece000000,0x0000001ece100000)]
  0x00000201ab0ba4f0 JavaThread "Common-Cleaner" daemon [_thread_blocked, id=44852, stack(0x0000001ece100000,0x0000001ece200000)]
  0x00000201ab0baa00 JavaThread "Notification Thread" daemon [_thread_blocked, id=39872, stack(0x0000001ece200000,0x0000001ece300000)]
  0x00000201ab0bb930 JavaThread "Daemon health stats" [_thread_blocked, id=18896, stack(0x0000001ecea00000,0x0000001eceb00000)]
  0x00000201ab0bcd70 JavaThread "Incoming local TCP Connector on port 61494" [_thread_in_native, id=38376, stack(0x0000001ece400000,0x0000001ece500000)]
  0x00000201ab0b9ad0 JavaThread "Daemon periodic checks" [_thread_blocked, id=41164, stack(0x0000001eceb00000,0x0000001ecec00000)]
  0x00000201ab0bb420 JavaThread "Daemon" [_thread_blocked, id=40912, stack(0x0000001ecec00000,0x0000001eced00000)]
  0x00000201ab0b9fe0 JavaThread "Handler for socket connection from /127.0.0.1:61494 to /127.0.0.1:61495" [_thread_in_native, id=32952, stack(0x0000001eced00000,0x0000001ecee00000)]
  0x00000201ab0bc860 JavaThread "Cancel handler" [_thread_blocked, id=40420, stack(0x0000001ecee00000,0x0000001ecef00000)]
  0x00000201ab0baf10 JavaThread "Daemon worker" [_thread_blocked, id=21676, stack(0x0000001ecef00000,0x0000001ecf000000)]
  0x00000201ab0bbe40 JavaThread "Asynchronous log dispatcher for DefaultDaemonConnection: socket connection from /127.0.0.1:61494 to /127.0.0.1:61495" [_thread_blocked, id=38300, stack(0x0000001ecf000000,0x0000001ecf100000)]
  0x00000201ab0bc350 JavaThread "Stdin handler" [_thread_blocked, id=11104, stack(0x0000001ecf100000,0x0000001ecf200000)]
  0x00000201ad1e3200 JavaThread "Daemon client event forwarder" [_thread_blocked, id=16900, stack(0x0000001ecf200000,0x0000001ecf300000)]
  0x00000201ad1e13a0 JavaThread "Cache worker for journal cache (C:\Seokjin\hello-spring\caches\journal-1)" [_thread_blocked, id=44168, stack(0x0000001ecf400000,0x0000001ecf500000)]
  0x00000201ad1e0e90 JavaThread "File lock request listener" [_thread_in_native, id=40668, stack(0x0000001ecf500000,0x0000001ecf600000)]
  0x00000201ad1e22d0 JavaThread "Cache worker for file hash cache (C:\Seokjin\hello-spring\caches\8.14.3\fileHashes)" [_thread_blocked, id=36844, stack(0x0000001ecf600000,0x0000001ecf700000)]
  0x00000201ad1e5060 JavaThread "Cache worker for file hash cache (C:\Seokjin\LuckyBurger\LuckyBurger7\.gradle\8.14.3\fileHashes)" [_thread_blocked, id=30036, stack(0x0000001ecf700000,0x0000001ecf800000)]
  0x00000201ad1df540 JavaThread "Cache worker for Build Output Cleanup Cache (C:\Seokjin\LuckyBurger\LuckyBurger7\.gradle\buildOutputCleanup)" [_thread_blocked, id=11088, stack(0x0000001ecf800000,0x0000001ecf900000)]
  0x00000201ad1e4640 JavaThread "File watcher server" daemon [_thread_in_native, id=42164, stack(0x0000001ecff00000,0x0000001ed0000000)]
  0x00000201ad1e4b50 JavaThread "File watcher consumer" daemon [_thread_blocked, id=27676, stack(0x0000001ed0000000,0x0000001ed0100000)]
  0x00000201ad1e5f90 JavaThread "jar transforms" [_thread_blocked, id=12472, stack(0x0000001ed0100000,0x0000001ed0200000)]
  0x00000201ad1e3710 JavaThread "jar transforms Thread 2" [_thread_blocked, id=32748, stack(0x0000001ed0200000,0x0000001ed0300000)]
  0x00000201ad1e64a0 JavaThread "Cache worker for checksums cache (C:\Seokjin\LuckyBurger\LuckyBurger7\.gradle\8.14.3\checksums)" [_thread_blocked, id=42140, stack(0x0000001ed0300000,0x0000001ed0400000)]
  0x00000201ad1dfa50 JavaThread "Cache worker for file content cache (C:\Seokjin\hello-spring\caches\8.14.3\fileContent)" [_thread_blocked, id=38876, stack(0x0000001ed0400000,0x0000001ed0500000)]
  0x00000201ad1e27e0 JavaThread "jar transforms Thread 3" [_thread_blocked, id=41132, stack(0x0000001ed0500000,0x0000001ed0600000)]
  0x00000201ad1e0470 JavaThread "Cache worker for cache directory md-supplier (C:\Seokjin\hello-spring\caches\8.14.3\md-supplier)" [_thread_blocked, id=24020, stack(0x0000001ed0600000,0x0000001ed0700000)]
  0x00000201ad1e5570 JavaThread "Cache worker for cache directory md-rule (C:\Seokjin\hello-spring\caches\8.14.3\md-rule)" [_thread_blocked, id=42192, stack(0x0000001ed0700000,0x0000001ed0800000)]
  0x00000201ad1df030 JavaThread "Unconstrained build operations" [_thread_blocked, id=38584, stack(0x0000001ed0800000,0x0000001ed0900000)]
  0x00000201ad1e5a80 JavaThread "Unconstrained build operations Thread 2" [_thread_blocked, id=22752, stack(0x0000001ed0900000,0x0000001ed0a00000)]
  0x00000201ad1e4130 JavaThread "jar transforms Thread 4" [_thread_blocked, id=42792, stack(0x0000001ed0a00000,0x0000001ed0b00000)]
  0x00000201ad1e0980 JavaThread "jar transforms Thread 5" [_thread_blocked, id=44316, stack(0x0000001ed0b00000,0x0000001ed0c00000)]
  0x00000201ad1e69b0 JavaThread "Unconstrained build operations Thread 3" [_thread_blocked, id=44504, stack(0x0000001ed0c00000,0x0000001ed0d00000)]
  0x00000201af81c240 JavaThread "Unconstrained build operations Thread 4" [_thread_blocked, id=44752, stack(0x0000001ed0d00000,0x0000001ed0e00000)]
  0x00000201af815d00 JavaThread "Unconstrained build operations Thread 5" [_thread_blocked, id=38752, stack(0x0000001ed0e00000,0x0000001ed0f00000)]
  0x00000201af8194b0 JavaThread "Unconstrained build operations Thread 6" [_thread_blocked, id=5048, stack(0x0000001ed0f00000,0x0000001ed1000000)]
  0x00000201af81c750 JavaThread "jar transforms Thread 6" [_thread_blocked, id=38680, stack(0x0000001ed1000000,0x0000001ed1100000)]
  0x00000201af81cc60 JavaThread "jar transforms Thread 7" [_thread_blocked, id=25076, stack(0x0000001ed1100000,0x0000001ed1200000)]
  0x00000201af817140 JavaThread "jar transforms Thread 8" [_thread_blocked, id=38188, stack(0x0000001ed1200000,0x0000001ed1300000)]
  0x00000201af819ed0 JavaThread "jar transforms Thread 9" [_thread_blocked, id=39988, stack(0x0000001ed1300000,0x0000001ed1400000)]
  0x00000201af81a8f0 JavaThread "Unconstrained build operations Thread 7" [_thread_blocked, id=29408, stack(0x0000001ed1400000,0x0000001ed1500000)]
  0x00000201af81d170 JavaThread "Unconstrained build operations Thread 8" [_thread_blocked, id=41504, stack(0x0000001ed1500000,0x0000001ed1600000)]
  0x00000201af81d680 JavaThread "Unconstrained build operations Thread 9" [_thread_blocked, id=39904, stack(0x0000001ed1600000,0x0000001ed1700000)]
  0x00000201af81ae00 JavaThread "Unconstrained build operations Thread 10" [_thread_blocked, id=31260, stack(0x0000001ed1700000,0x0000001ed1800000)]
  0x00000201af816720 JavaThread "Unconstrained build operations Thread 11" [_thread_blocked, id=37856, stack(0x0000001ed1800000,0x0000001ed1900000)]
  0x00000201af818070 JavaThread "Unconstrained build operations Thread 12" [_thread_blocked, id=44108, stack(0x0000001ed1900000,0x0000001ed1a00000)]
  0x00000201af816210 JavaThread "Unconstrained build operations Thread 13" [_thread_blocked, id=35904, stack(0x0000001ed1a00000,0x0000001ed1b00000)]
  0x00000201af816c30 JavaThread "Unconstrained build operations Thread 14" [_thread_blocked, id=42260, stack(0x0000001ed1b00000,0x0000001ed1c00000)]
  0x00000201af81b310 JavaThread "Unconstrained build operations Thread 15" [_thread_blocked, id=33668, stack(0x0000001ed1c00000,0x0000001ed1d00000)]
  0x00000201af81b820 JavaThread "Unconstrained build operations Thread 16" [_thread_blocked, id=40308, stack(0x0000001ed1d00000,0x0000001ed1e00000)]
  0x00000201af81bd30 JavaThread "Unconstrained build operations Thread 17" [_thread_blocked, id=35540, stack(0x0000001ed1e00000,0x0000001ed1f00000)]
  0x00000201af817b60 JavaThread "Unconstrained build operations Thread 18" [_thread_blocked, id=41192, stack(0x0000001ed1f00000,0x0000001ed2000000)]
  0x00000201af818580 JavaThread "Unconstrained build operations Thread 19" [_thread_blocked, id=35708, stack(0x0000001ed2000000,0x0000001ed2100000)]
  0x00000201af818a90 JavaThread "Unconstrained build operations Thread 20" [_thread_blocked, id=41352, stack(0x0000001ed2100000,0x0000001ed2200000)]
  0x00000201af818fa0 JavaThread "Unconstrained build operations Thread 21" [_thread_blocked, id=37276, stack(0x0000001ed2200000,0x0000001ed2300000)]
  0x00000201af8199c0 JavaThread "Unconstrained build operations Thread 22" [_thread_blocked, id=39488, stack(0x0000001ed2300000,0x0000001ed2400000)]
  0x00000201ad82e8b0 JavaThread "Unconstrained build operations Thread 23" [_thread_blocked, id=32320, stack(0x0000001ed2400000,0x0000001ed2500000)]
  0x00000201ad830710 JavaThread "Unconstrained build operations Thread 24" [_thread_blocked, id=15376, stack(0x0000001ed2500000,0x0000001ed2600000)]
  0x00000201ad82de90 JavaThread "Unconstrained build operations Thread 25" [_thread_blocked, id=32204, stack(0x0000001ed2600000,0x0000001ed2700000)]
  0x00000201ad82f7e0 JavaThread "Unconstrained build operations Thread 26" [_thread_blocked, id=40660, stack(0x0000001ed2700000,0x0000001ed2800000)]
  0x00000201ad82f2d0 JavaThread "Unconstrained build operations Thread 27" [_thread_blocked, id=43508, stack(0x0000001ed2800000,0x0000001ed2900000)]
  0x00000201ad830c20 JavaThread "Unconstrained build operations Thread 28" [_thread_blocked, id=37188, stack(0x0000001ed2900000,0x0000001ed2a00000)]
  0x00000201ad82edc0 JavaThread "Unconstrained build operations Thread 29" [_thread_blocked, id=37792, stack(0x0000001ed2a00000,0x0000001ed2b00000)]
  0x00000201ad831130 JavaThread "Unconstrained build operations Thread 30" [_thread_blocked, id=33472, stack(0x0000001ed2b00000,0x0000001ed2c00000)]
  0x00000201ad82fcf0 JavaThread "Unconstrained build operations Thread 31" [_thread_blocked, id=10416, stack(0x0000001ed2c00000,0x0000001ed2d00000)]
  0x00000201ad82e3a0 JavaThread "Unconstrained build operations Thread 32" [_thread_blocked, id=8556, stack(0x0000001ed2d00000,0x0000001ed2e00000)]
  0x00000201ad830200 JavaThread "Unconstrained build operations Thread 33" [_thread_blocked, id=37816, stack(0x0000001ed2e00000,0x0000001ed2f00000)]
  0x00000201ad82d980 JavaThread "Unconstrained build operations Thread 34" [_thread_blocked, id=6796, stack(0x0000001ed2f00000,0x0000001ed3000000)]
  0x00000201ad6eec40 JavaThread "Unconstrained build operations Thread 35" [_thread_blocked, id=37404, stack(0x0000001ed3000000,0x0000001ed3100000)]
  0x00000201ad6ebeb0 JavaThread "Unconstrained build operations Thread 36" [_thread_blocked, id=8348, stack(0x0000001ed3100000,0x0000001ed3200000)]
  0x00000201ad6ec3c0 JavaThread "Unconstrained build operations Thread 37" [_thread_blocked, id=9400, stack(0x0000001ed3200000,0x0000001ed3300000)]
  0x00000201ad6ef660 JavaThread "Unconstrained build operations Thread 38" [_thread_blocked, id=11280, stack(0x0000001ed3300000,0x0000001ed3400000)]
  0x00000201ad6ef150 JavaThread "Unconstrained build operations Thread 39" [_thread_blocked, id=18044, stack(0x0000001ed3400000,0x0000001ed3500000)]
  0x00000201ad6ed800 JavaThread "Memory manager" [_thread_blocked, id=7124, stack(0x0000001ed3500000,0x0000001ed3600000)]
  0x00000201ad6edd10 JavaThread "File lock release action executor" [_thread_blocked, id=14940, stack(0x0000001ed3600000,0x0000001ed3700000)]
  0x00000201ad6ec8d0 JavaThread "jar transforms Thread 10" [_thread_blocked, id=40324, stack(0x0000001ed3700000,0x0000001ed3800000)]
  0x00000201af344740 JavaThread "Unconstrained build operations Thread 40" [_thread_blocked, id=31404, stack(0x0000001ed3900000,0x0000001ed3a00000)]
  0x00000201af343810 JavaThread "Unconstrained build operations Thread 41" [_thread_blocked, id=7268, stack(0x0000001ed3a00000,0x0000001ed3b00000)]
  0x00000201af345160 JavaThread "Unconstrained build operations Thread 42" [_thread_blocked, id=37904, stack(0x0000001ed3b00000,0x0000001ed3c00000)]
  0x00000201af343300 JavaThread "Unconstrained build operations Thread 43" [_thread_blocked, id=44708, stack(0x0000001ed3c00000,0x0000001ed3d00000)]
  0x00000201af345670 JavaThread "Unconstrained build operations Thread 44" [_thread_blocked, id=39076, stack(0x0000001ed3d00000,0x0000001ed3e00000)]
  0x00000201af3474d0 JavaThread "Unconstrained build operations Thread 45" [_thread_blocked, id=40416, stack(0x0000001ed3e00000,0x0000001ed3f00000)]
  0x00000201af3423d0 JavaThread "Unconstrained build operations Thread 46" [_thread_blocked, id=23492, stack(0x0000001ed3f00000,0x0000001ed4000000)]
  0x00000201af3479e0 JavaThread "Unconstrained build operations Thread 47" [_thread_blocked, id=27932, stack(0x0000001ed4000000,0x0000001ed4100000)]
  0x00000201af343d20 JavaThread "Unconstrained build operations Thread 48" [_thread_blocked, id=39760, stack(0x0000001ed4100000,0x0000001ed4200000)]
  0x00000201af344230 JavaThread "Unconstrained build operations Thread 49" [_thread_blocked, id=24872, stack(0x0000001ed4200000,0x0000001ed4300000)]
  0x00000201af344c50 JavaThread "Unconstrained build operations Thread 50" [_thread_blocked, id=39580, stack(0x0000001ed4300000,0x0000001ed4400000)]
  0x00000201af345b80 JavaThread "Unconstrained build operations Thread 51" [_thread_blocked, id=37776, stack(0x0000001ed4400000,0x0000001ed4500000)]
  0x00000201af346090 JavaThread "Unconstrained build operations Thread 52" [_thread_blocked, id=29204, stack(0x0000001ed4500000,0x0000001ed4600000)]
  0x00000201af3465a0 JavaThread "Unconstrained build operations Thread 53" [_thread_blocked, id=40212, stack(0x0000001ed4600000,0x0000001ed4700000)]
  0x00000201af346ab0 JavaThread "Unconstrained build operations Thread 54" [_thread_blocked, id=30588, stack(0x0000001ed4700000,0x0000001ed4800000)]
  0x00000201af347ef0 JavaThread "Unconstrained build operations Thread 55" [_thread_blocked, id=24768, stack(0x0000001ed4800000,0x0000001ed4900000)]
  0x00000201af3414a0 JavaThread "Unconstrained build operations Thread 56" [_thread_blocked, id=44036, stack(0x0000001ed4900000,0x0000001ed4a00000)]
  0x00000201af348400 JavaThread "Unconstrained build operations Thread 57" [_thread_blocked, id=42500, stack(0x0000001ed4a00000,0x0000001ed4b00000)]
  0x00000201af348e20 JavaThread "Unconstrained build operations Thread 58" [_thread_blocked, id=32652, stack(0x0000001ed4b00000,0x0000001ed4c00000)]
  0x00000201af348910 JavaThread "Unconstrained build operations Thread 59" [_thread_blocked, id=10576, stack(0x0000001ed4c00000,0x0000001ed4d00000)]
  0x00000201af3419b0 JavaThread "Unconstrained build operations Thread 60" [_thread_blocked, id=33960, stack(0x0000001ed4d00000,0x0000001ed4e00000)]
  0x00000201af3428e0 JavaThread "Unconstrained build operations Thread 61" [_thread_blocked, id=27844, stack(0x0000001ed4e00000,0x0000001ed4f00000)]
  0x00000201af341ec0 JavaThread "Unconstrained build operations Thread 62" [_thread_blocked, id=36180, stack(0x0000001ed4f00000,0x0000001ed5000000)]
  0x00000201af342df0 JavaThread "Unconstrained build operations Thread 63" [_thread_blocked, id=37324, stack(0x0000001ed5000000,0x0000001ed5100000)]
  0x00000201ad58ef50 JavaThread "Unconstrained build operations Thread 64" [_thread_blocked, id=39464, stack(0x0000001ed5100000,0x0000001ed5200000)]
  0x00000201ad58fe80 JavaThread "Unconstrained build operations Thread 65" [_thread_blocked, id=39584, stack(0x0000001ed5200000,0x0000001ed5300000)]
  0x00000201ad58d0f0 JavaThread "Unconstrained build operations Thread 66" [_thread_blocked, id=33528, stack(0x0000001ed5300000,0x0000001ed5400000)]
  0x00000201ad58f460 JavaThread "Unconstrained build operations Thread 67" [_thread_blocked, id=36712, stack(0x0000001ed5400000,0x0000001ed5500000)]
  0x00000201ad58d600 JavaThread "Unconstrained build operations Thread 68" [_thread_blocked, id=32708, stack(0x0000001ed5500000,0x0000001ed5600000)]
  0x00000201ad590390 JavaThread "Unconstrained build operations Thread 69" [_thread_blocked, id=17544, stack(0x0000001ed5600000,0x0000001ed5700000)]
  0x00000201ad58e020 JavaThread "Unconstrained build operations Thread 70" [_thread_blocked, id=16124, stack(0x0000001ed5700000,0x0000001ed5800000)]
  0x00000201ad58e530 JavaThread "Unconstrained build operations Thread 71" [_thread_blocked, id=12164, stack(0x0000001ed5800000,0x0000001ed5900000)]
  0x00000201ad58db10 JavaThread "Unconstrained build operations Thread 72" [_thread_blocked, id=32676, stack(0x0000001ed5900000,0x0000001ed5a00000)]
  0x00000201ad5908a0 JavaThread "Unconstrained build operations Thread 73" [_thread_blocked, id=13960, stack(0x0000001ed5a00000,0x0000001ed5b00000)]
  0x00000201ad58ea40 JavaThread "Unconstrained build operations Thread 74" [_thread_blocked, id=39340, stack(0x0000001ed5b00000,0x0000001ed5c00000)]
  0x00000201ad58f970 JavaThread "Unconstrained build operations Thread 75" [_thread_blocked, id=39960, stack(0x0000001ed5c00000,0x0000001ed5d00000)]
  0x00000201ae482820 JavaThread "Unconstrained build operations Thread 76" [_thread_blocked, id=30444, stack(0x0000001ed5d00000,0x0000001ed5e00000)]
  0x00000201ae47f070 JavaThread "Unconstrained build operations Thread 77" [_thread_blocked, id=40132, stack(0x0000001ed5e00000,0x0000001ed5f00000)]
  0x00000201ae47eb60 JavaThread "Unconstrained build operations Thread 78" [_thread_blocked, id=13788, stack(0x0000001ed5f00000,0x0000001ed6000000)]
  0x00000201ae482d30 JavaThread "Unconstrained build operations Thread 79" [_thread_blocked, id=38616, stack(0x0000001ed6000000,0x0000001ed6100000)]
  0x00000201ae482310 JavaThread "Unconstrained build operations Thread 80" [_thread_blocked, id=11724, stack(0x0000001ed6100000,0x0000001ed6200000)]
  0x00000201ae4809c0 JavaThread "Unconstrained build operations Thread 81" [_thread_blocked, id=28000, stack(0x0000001ed6200000,0x0000001ed6300000)]
  0x00000201ae47fa90 JavaThread "Unconstrained build operations Thread 82" [_thread_blocked, id=13536, stack(0x0000001ed6300000,0x0000001ed6400000)]
  0x00000201ae47f580 JavaThread "Unconstrained build operations Thread 83" [_thread_blocked, id=13132, stack(0x0000001ed6400000,0x0000001ed6500000)]
  0x00000201ae4818f0 JavaThread "Unconstrained build operations Thread 84" [_thread_blocked, id=40352, stack(0x0000001ed6500000,0x0000001ed6600000)]
  0x00000201ae484680 JavaThread "Unconstrained build operations Thread 85" [_thread_blocked, id=8700, stack(0x0000001ed6600000,0x0000001ed6700000)]
  0x00000201ae47e140 JavaThread "Unconstrained build operations Thread 86" [_thread_blocked, id=28648, stack(0x0000001ed6700000,0x0000001ed6800000)]
  0x00000201ae47dc30 JavaThread "Unconstrained build operations Thread 87" [_thread_blocked, id=9672, stack(0x0000001ed6800000,0x0000001ed6900000)]
  0x00000201ae483240 JavaThread "Unconstrained build operations Thread 88" [_thread_blocked, id=38576, stack(0x0000001ed6900000,0x0000001ed6a00000)]
  0x00000201ae47ffa0 JavaThread "Unconstrained build operations Thread 89" [_thread_blocked, id=35980, stack(0x0000001ed6a00000,0x0000001ed6b00000)]
  0x00000201ae4813e0 JavaThread "Unconstrained build operations Thread 90" [_thread_blocked, id=37112, stack(0x0000001ed6b00000,0x0000001ed6c00000)]
  0x00000201ae484b90 JavaThread "Unconstrained build operations Thread 91" [_thread_blocked, id=40280, stack(0x0000001ed6c00000,0x0000001ed6d00000)]
  0x00000201ae47e650 JavaThread "Unconstrained build operations Thread 92" [_thread_blocked, id=32744, stack(0x0000001ed6d00000,0x0000001ed6e00000)]
  0x00000201ae47d720 JavaThread "Unconstrained build operations Thread 93" [_thread_blocked, id=6208, stack(0x0000001ed6e00000,0x0000001ed6f00000)]
  0x00000201ae4804b0 JavaThread "Unconstrained build operations Thread 94" [_thread_blocked, id=28800, stack(0x0000001ed6f00000,0x0000001ed7000000)]
  0x00000201ae480ed0 JavaThread "Unconstrained build operations Thread 95" [_thread_blocked, id=43572, stack(0x0000001ed7000000,0x0000001ed7100000)]
  0x00000201ae4850a0 JavaThread "Unconstrained build operations Thread 96" [_thread_blocked, id=32448, stack(0x0000001ed7100000,0x0000001ed7200000)]
  0x00000201ae481e00 JavaThread "Unconstrained build operations Thread 97" [_thread_blocked, id=38604, stack(0x0000001ed7200000,0x0000001ed7300000)]
  0x00000201ae483750 JavaThread "Unconstrained build operations Thread 98" [_thread_blocked, id=28720, stack(0x0000001ed7300000,0x0000001ed7400000)]
  0x00000201ae484170 JavaThread "Unconstrained build operations Thread 99" [_thread_blocked, id=21296, stack(0x0000001ed7400000,0x0000001ed7500000)]
  0x00000201adb95db0 JavaThread "Unconstrained build operations Thread 100" [_thread_blocked, id=2616, stack(0x0000001ed7500000,0x0000001ed7600000)]
  0x00000201adb93020 JavaThread "Unconstrained build operations Thread 101" [_thread_blocked, id=30768, stack(0x0000001ed7600000,0x0000001ed7700000)]
  0x00000201adb93a40 JavaThread "Unconstrained build operations Thread 102" [_thread_blocked, id=38312, stack(0x0000001ed7700000,0x0000001ed7800000)]
  0x00000201adb94970 JavaThread "Unconstrained build operations Thread 103" [_thread_blocked, id=15188, stack(0x0000001ed7e00000,0x0000001ed7f00000)]
  0x00000201adb962c0 JavaThread "Unconstrained build operations Thread 104" [_thread_blocked, id=41640, stack(0x0000001ed7f00000,0x0000001ed8000000)]
  0x00000201adb93f50 JavaThread "Unconstrained build operations Thread 105" [_thread_blocked, id=14308, stack(0x0000001ed8000000,0x0000001ed8100000)]
  0x00000201adb93530 JavaThread "Unconstrained build operations Thread 106" [_thread_blocked, id=2492, stack(0x0000001ed8100000,0x0000001ed8200000)]
  0x00000201adb94e80 JavaThread "Unconstrained build operations Thread 107" [_thread_blocked, id=32996, stack(0x0000001ed8200000,0x0000001ed8300000)]
  0x00000201adb967d0 JavaThread "Unconstrained build operations Thread 108" [_thread_blocked, id=38304, stack(0x0000001ed8300000,0x0000001ed8400000)]
  0x00000201adb95390 JavaThread "Unconstrained build operations Thread 109" [_thread_blocked, id=42672, stack(0x0000001ed8400000,0x0000001ed8500000)]
  0x00000201adb94460 JavaThread "Unconstrained build operations Thread 110" [_thread_blocked, id=23220, stack(0x0000001ed8500000,0x0000001ed8600000)]
  0x00000201ad76fd00 JavaThread "Unconstrained build operations Thread 111" [_thread_blocked, id=43784, stack(0x0000001ed8600000,0x0000001ed8700000)]
  0x00000201ad76d480 JavaThread "Unconstrained build operations Thread 112" [_thread_blocked, id=20828, stack(0x0000001ed8700000,0x0000001ed8800000)]
  0x00000201ad772070 JavaThread "Unconstrained build operations Thread 113" [_thread_blocked, id=40204, stack(0x0000001ed8800000,0x0000001ed8900000)]
  0x00000201ad76edd0 JavaThread "Unconstrained build operations Thread 114" [_thread_blocked, id=22632, stack(0x0000001ed8900000,0x0000001ed8a00000)]
  0x00000201ad76e8c0 JavaThread "Unconstrained build operations Thread 115" [_thread_blocked, id=43680, stack(0x0000001ed8a00000,0x0000001ed8b00000)]
  0x00000201ad772fa0 JavaThread "Unconstrained build operations Thread 116" [_thread_blocked, id=41908, stack(0x0000001ed8b00000,0x0000001ed8c00000)]
  0x00000201ad76f2e0 JavaThread "Unconstrained build operations Thread 117" [_thread_blocked, id=44220, stack(0x0000001ed8c00000,0x0000001ed8d00000)]
  0x00000201ad76cf70 JavaThread "Unconstrained build operations Thread 118" [_thread_blocked, id=6596, stack(0x0000001ed8d00000,0x0000001ed8e00000)]
  0x00000201ad770720 JavaThread "Unconstrained build operations Thread 119" [_thread_blocked, id=25416, stack(0x0000001ed8e00000,0x0000001ed8f00000)]
  0x00000201ad76c040 JavaThread "Unconstrained build operations Thread 120" [_thread_blocked, id=43584, stack(0x0000001ed8f00000,0x0000001ed9000000)]
  0x00000201ad76f7f0 JavaThread "ForkJoinPool.commonPool-worker-1" daemon [_thread_blocked, id=44296, stack(0x0000001ed9000000,0x0000001ed9100000)]
  0x00000201ad770210 JavaThread "ForkJoinPool.commonPool-worker-2" daemon [_thread_blocked, id=40140, stack(0x0000001ed9100000,0x0000001ed9200000)]
  0x00000201ad771140 JavaThread "ForkJoinPool.commonPool-worker-3" daemon [_thread_blocked, id=27128, stack(0x0000001ed9200000,0x0000001ed9300000)]
  0x00000201ad772580 JavaThread "ForkJoinPool.commonPool-worker-4" daemon [_thread_blocked, id=40928, stack(0x0000001ed9300000,0x0000001ed9400000)]
  0x00000201ad7734b0 JavaThread "ForkJoinPool.commonPool-worker-5" daemon [_thread_blocked, id=41780, stack(0x0000001ed9400000,0x0000001ed9500000)]
  0x00000201ad76e3b0 JavaThread "ForkJoinPool.commonPool-worker-6" daemon [_thread_blocked, id=44676, stack(0x0000001ed9500000,0x0000001ed9600000)]
  0x00000201ad770c30 JavaThread "ForkJoinPool.commonPool-worker-7" daemon [_thread_blocked, id=41584, stack(0x0000001ed9600000,0x0000001ed9700000)]
  0x00000201ad7739c0 JavaThread "ForkJoinPool.commonPool-worker-8" daemon [_thread_blocked, id=44020, stack(0x0000001ed9700000,0x0000001ed9800000)]
  0x00000201ad771650 JavaThread "ForkJoinPool.commonPool-worker-9" daemon [_thread_blocked, id=44104, stack(0x0000001ed9800000,0x0000001ed9900000)]
  0x00000201ad76d990 JavaThread "ForkJoinPool.commonPool-worker-10" daemon [_thread_blocked, id=41448, stack(0x0000001ed9900000,0x0000001ed9a00000)]
  0x00000201ad771b60 JavaThread "ForkJoinPool.commonPool-worker-11" daemon [_thread_blocked, id=38840, stack(0x0000001ed9a00000,0x0000001ed9b00000)]
  0x00000201ad772a90 JavaThread "Exec process" daemon [_thread_blocked, id=24240, stack(0x0000001ed9b00000,0x0000001ed9c00000)]
  0x00000201ad76ca60 JavaThread "Exec process Thread 2" daemon [_thread_blocked, id=41720, stack(0x0000001ed9c00000,0x0000001ed9d00000)]
  0x00000201ad76dea0 JavaThread "Exec process Thread 3" daemon [_thread_blocked, id=32936, stack(0x0000001ed9d00000,0x0000001ed9e00000)]
=>0x00000201af2496a0 JavaThread "C2 CompilerThread1" daemon [_thread_in_native, id=15532, stack(0x0000001ecf300000,0x0000001ecf400000)]
  0x00000201afd3e580 JavaThread "included builds" [_thread_blocked, id=5908, stack(0x0000001ed3800000,0x0000001ed3900000)]
  0x00000201afd3ea90 JavaThread "Execution worker" [_thread_blocked, id=27900, stack(0x0000001ed9e00000,0x0000001ed9f00000)]
  0x00000201afd39480 JavaThread "Execution worker Thread 2" [_thread_blocked, id=39836, stack(0x0000001ed9f00000,0x0000001eda000000)]
  0x00000201afd3f9c0 JavaThread "Execution worker Thread 3" [_thread_blocked, id=27892, stack(0x0000001eda000000,0x0000001eda100000)]
  0x00000201afd403e0 JavaThread "Execution worker Thread 4" [_thread_blocked, id=12796, stack(0x0000001eda100000,0x0000001eda200000)]
  0x00000201afd3efa0 JavaThread "Execution worker Thread 5" [_thread_blocked, id=29804, stack(0x0000001eda200000,0x0000001eda300000)]
  0x00000201afd3b2e0 JavaThread "Execution worker Thread 6" [_thread_blocked, id=26612, stack(0x0000001eda300000,0x0000001eda400000)]
  0x00000201afd39990 JavaThread "Execution worker Thread 7" [_thread_blocked, id=36824, stack(0x0000001eda400000,0x0000001eda500000)]
  0x00000201afd3b7f0 JavaThread "Execution worker Thread 8" [_thread_blocked, id=41832, stack(0x0000001eda500000,0x0000001eda600000)]
  0x00000201afd38f70 JavaThread "Execution worker Thread 9" [_thread_blocked, id=43944, stack(0x0000001eda600000,0x0000001eda700000)]
  0x00000201afd3bd00 JavaThread "Execution worker Thread 10" [_thread_blocked, id=38192, stack(0x0000001eda700000,0x0000001eda800000)]
  0x00000201afd3db60 JavaThread "Execution worker Thread 11" [_thread_blocked, id=31284, stack(0x0000001eda800000,0x0000001eda900000)]
  0x00000201afd3add0 JavaThread "Cache worker for execution history cache (C:\Seokjin\LuckyBurger\LuckyBurger7\.gradle\8.14.3\executionHistory)" [_thread_blocked, id=5068, stack(0x0000001eda900000,0x0000001edaa00000)]
  0x00000201afd3c720 JavaThread "Exec process" [_thread_in_native, id=25304, stack(0x0000001edab00000,0x0000001edac00000)]
  0x00000201afd3cc30 JavaThread "DisconnectableInputStream source reader" daemon [_thread_blocked, id=8084, stack(0x0000001edac00000,0x0000001edad00000)]
  0x00000201afd3d140 JavaThread "Exec process Thread 2" [_thread_blocked, id=35772, stack(0x0000001edad00000,0x0000001edae00000)]
  0x00000201afd3d650 JavaThread "Exec process Thread 3" [_thread_in_native, id=38716, stack(0x0000001edae00000,0x0000001edaf00000)]
  0x00000201afd39ea0 JavaThread "Exec process Thread 4" [_thread_in_native, id=20568, stack(0x0000001edaf00000,0x0000001edb000000)]

Other Threads:
  0x0000020191b24590 VMThread "VM Thread" [stack: 0x0000001ecd700000,0x0000001ecd800000] [id=38436]
  0x00000201f4e56140 WatcherThread [stack: 0x0000001ece300000,0x0000001ece400000] [id=12952]
  0x00000201f4e35b70 GCTaskThread "GC Thread#0" [stack: 0x0000001ecd200000,0x0000001ecd300000] [id=10620]
  0x00000201ab821cc0 GCTaskThread "GC Thread#1" [stack: 0x0000001ece500000,0x0000001ece600000] [id=33768]
  0x00000201ab59b970 GCTaskThread "GC Thread#2" [stack: 0x0000001ece600000,0x0000001ece700000] [id=5204]
  0x00000201ab39cd10 GCTaskThread "GC Thread#3" [stack: 0x0000001ece700000,0x0000001ece800000] [id=40224]
  0x00000201ab7ec5a0 GCTaskThread "GC Thread#4" [stack: 0x0000001ece800000,0x0000001ece900000] [id=38412]
  0x00000201ab7ed360 GCTaskThread "GC Thread#5" [stack: 0x0000001ece900000,0x0000001ecea00000] [id=38492]
  0x00000201ab7ede60 GCTaskThread "GC Thread#6" [stack: 0x0000001ecf900000,0x0000001ecfa00000] [id=29036]
  0x00000201ab7edba0 GCTaskThread "GC Thread#7" [stack: 0x0000001ecfa00000,0x0000001ecfb00000] [id=16624]
  0x00000201ab7ee120 GCTaskThread "GC Thread#8" [stack: 0x0000001ecfb00000,0x0000001ecfc00000] [id=28760]
  0x00000201ab7ec860 GCTaskThread "GC Thread#9" [stack: 0x0000001ecfc00000,0x0000001ecfd00000] [id=28664]
  0x00000201f4e3da00 ConcurrentGCThread "G1 Main Marker" [stack: 0x0000001ecd300000,0x0000001ecd400000] [id=15864]
  0x00000201f4e3eac0 ConcurrentGCThread "G1 Conc#0" [stack: 0x0000001ecd400000,0x0000001ecd500000] [id=41008]
  0x00000201ab7ecb20 ConcurrentGCThread "G1 Conc#1" [stack: 0x0000001ecfd00000,0x0000001ecfe00000] [id=39012]
  0x00000201ab7ed0a0 ConcurrentGCThread "G1 Conc#2" [stack: 0x0000001ecfe00000,0x0000001ecff00000] [id=5140]
  0x00000201f4ede430 ConcurrentGCThread "G1 Refine#0" [stack: 0x0000001ecd500000,0x0000001ecd600000] [id=31756]
  0x00000201ab5ab4b0 ConcurrentGCThread "G1 Refine#1" [stack: 0x0000001ed7800000,0x0000001ed7900000] [id=6936]
  0x00000201ab5aaed0 ConcurrentGCThread "G1 Refine#2" [stack: 0x0000001ed7900000,0x0000001ed7a00000] [id=15224]
  0x00000201ab5a9460 ConcurrentGCThread "G1 Refine#3" [stack: 0x0000001ed7a00000,0x0000001ed7b00000] [id=17592]
  0x00000201ab5a8b90 ConcurrentGCThread "G1 Refine#4" [stack: 0x0000001ed7b00000,0x0000001ed7c00000] [id=460]
  0x00000201ab5a82c0 ConcurrentGCThread "G1 Refine#5" [stack: 0x0000001ed7c00000,0x0000001ed7d00000] [id=28432]
  0x00000201ab5a9170 ConcurrentGCThread "G1 Refine#6" [stack: 0x0000001ed7d00000,0x0000001ed7e00000] [id=13816]
  0x00000201919e64f0 ConcurrentGCThread "G1 Service" [stack: 0x0000001ecd600000,0x0000001ecd700000] [id=4980]

Threads with active compile tasks:
C2 CompilerThread0    15733 10879       4       org.gradle.internal.logging.text.AbstractLineChoppingStyledTextOutput::doAppend (43 bytes)
C2 CompilerThread1    15733 10874       4       org.gradle.internal.logging.text.AbstractLineChoppingStyledTextOutput$1::execute (9 bytes)

VM state: not at safepoint (normal execution)

VM Mutex/Monitor currently owned by a thread: None

Heap address: 0x00000000e0000000, size: 512 MB, Compressed Oops mode: 32-bit

CDS archive(s) mapped at: [0x0000020192000000-0x0000020192bd0000-0x0000020192bd0000), size 12386304, SharedBaseAddress: 0x0000020192000000, ArchiveRelocationMode: 1.
Compressed class space mapped at: 0x0000020193000000-0x00000201a7000000, reserved size: 335544320
Narrow klass base: 0x0000020192000000, Narrow klass shift: 0, Narrow klass range: 0x100000000

GC Precious Log:
 CPUs: 12 total, 12 available
 Memory: 16303M
 Large Page Support: Disabled
 NUMA Support: Disabled
 Compressed Oops: Enabled (32-bit)
 Heap Region Size: 1M
 Heap Min Capacity: 256M
 Heap Initial Capacity: 256M
 Heap Max Capacity: 512M
 Pre-touch: Disabled
 Parallel Workers: 10
 Concurrent Workers: 3
 Concurrent Refinement Workers: 10
 Periodic GC: Disabled

Heap:
 garbage-first heap   total 262144K, used 166893K [0x00000000e0000000, 0x0000000100000000)
  region size 1024K, 113 young (115712K), 14 survivors (14336K)
 Metaspace       used 59200K, committed 59904K, reserved 393216K
  class space    used 8239K, committed 8576K, reserved 327680K

Heap Regions: E=young(eden), S=young(survivor), O=old, HS=humongous(starts), HC=humongous(continues), CS=collection set, F=free, OA=open archive, CA=closed archive, TAMS=top-at-mark-start (previous, next)
|   0|0x00000000e0000000, 0x00000000e0100000, 0x00000000e0100000|100%|HS|  |TAMS 0x00000000e0100000, 0x00000000e0000000| Complete 
|   1|0x00000000e0100000, 0x00000000e0200000, 0x00000000e0200000|100%|HC|  |TAMS 0x00000000e0200000, 0x00000000e0100000| Complete 
|   2|0x00000000e0200000, 0x00000000e0300000, 0x00000000e0300000|100%|HC|  |TAMS 0x00000000e0300000, 0x00000000e0200000| Complete 
|   3|0x00000000e0300000, 0x00000000e0400000, 0x00000000e0400000|100%| O|  |TAMS 0x00000000e0400000, 0x00000000e0300000| Untracked 
|   4|0x00000000e0400000, 0x00000000e0500000, 0x00000000e0500000|100%| O|  |TAMS 0x00000000e0500000, 0x00000000e0400000| Untracked 
|   5|0x00000000e0500000, 0x00000000e0600000, 0x00000000e0600000|100%| O|  |TAMS 0x00000000e0600000, 0x00000000e0500000| Untracked 
|   6|0x00000000e0600000, 0x00000000e0700000, 0x00000000e0700000|100%|HS|  |TAMS 0x00000000e0700000, 0x00000000e0600000| Complete 
|   7|0x00000000e0700000, 0x00000000e0800000, 0x00000000e0800000|100%| O|  |TAMS 0x00000000e0800000, 0x00000000e0700000| Untracked 
|   8|0x00000000e0800000, 0x00000000e0900000, 0x00000000e0900000|100%| O|  |TAMS 0x00000000e0900000, 0x00000000e0800000| Untracked 
|   9|0x00000000e0900000, 0x00000000e0a00000, 0x00000000e0a00000|100%| O|  |TAMS 0x00000000e0900000, 0x00000000e0900000| Untracked 
|  10|0x00000000e0a00000, 0x00000000e0b00000, 0x00000000e0b00000|100%| O|  |TAMS 0x00000000e0b00000, 0x00000000e0a00000| Untracked 
|  11|0x00000000e0b00000, 0x00000000e0c00000, 0x00000000e0c00000|100%| O|  |TAMS 0x00000000e0c00000, 0x00000000e0b00000| Untracked 
|  12|0x00000000e0c00000, 0x00000000e0d00000, 0x00000000e0d00000|100%| O|  |TAMS 0x00000000e0d00000, 0x00000000e0c00000| Untracked 
|  13|0x00000000e0d00000, 0x00000000e0e00000, 0x00000000e0e00000|100%| O|  |TAMS 0x00000000e0e00000, 0x00000000e0d00000| Untracked 
|  14|0x00000000e0e00000, 0x00000000e0f00000, 0x00000000e0f00000|100%| O|  |TAMS 0x00000000e0f00000, 0x00000000e0e00000| Untracked 
|  15|0x00000000e0f00000, 0x00000000e1000000, 0x00000000e1000000|100%| O|  |TAMS 0x00000000e1000000, 0x00000000e0f00000| Untracked 
|  16|0x00000000e1000000, 0x00000000e1100000, 0x00000000e1100000|100%| O|  |TAMS 0x00000000e1100000, 0x00000000e1000000| Untracked 
|  17|0x00000000e1100000, 0x00000000e1200000, 0x00000000e1200000|100%| O|  |TAMS 0x00000000e1200000, 0x00000000e1100000| Untracked 
|  18|0x00000000e1200000, 0x00000000e1300000, 0x00000000e1300000|100%| O|  |TAMS 0x00000000e1300000, 0x00000000e1200000| Untracked 
|  19|0x00000000e1300000, 0x00000000e1400000, 0x00000000e1400000|100%| O|  |TAMS 0x00000000e1400000, 0x00000000e1300000| Untracked 
|  20|0x00000000e1400000, 0x00000000e1500000, 0x00000000e1500000|100%| O|  |TAMS 0x00000000e1500000, 0x00000000e1400000| Untracked 
|  21|0x00000000e1500000, 0x00000000e1600000, 0x00000000e1600000|100%| O|  |TAMS 0x00000000e1600000, 0x00000000e1500000| Untracked 
|  22|0x00000000e1600000, 0x00000000e1700000, 0x00000000e1700000|100%| O|  |TAMS 0x00000000e1700000, 0x00000000e1600000| Untracked 
|  23|0x00000000e1700000, 0x00000000e1800000, 0x00000000e1800000|100%| O|  |TAMS 0x00000000e1800000, 0x00000000e1700000| Untracked 
|  24|0x00000000e1800000, 0x00000000e1900000, 0x00000000e1900000|100%| O|  |TAMS 0x00000000e1900000, 0x00000000e1800000| Untracked 
|  25|0x00000000e1900000, 0x00000000e1a00000, 0x00000000e1a00000|100%| O|  |TAMS 0x00000000e1a00000, 0x00000000e1900000| Untracked 
|  26|0x00000000e1a00000, 0x00000000e1b00000, 0x00000000e1b00000|100%| O|  |TAMS 0x00000000e1b00000, 0x00000000e1a00000| Untracked 
|  27|0x00000000e1b00000, 0x00000000e1c00000, 0x00000000e1c00000|100%| O|  |TAMS 0x00000000e1c00000, 0x00000000e1b00000| Untracked 
|  28|0x00000000e1c00000, 0x00000000e1d00000, 0x00000000e1d00000|100%| O|  |TAMS 0x00000000e1d00000, 0x00000000e1c00000| Untracked 
|  29|0x00000000e1d00000, 0x00000000e1e00000, 0x00000000e1e00000|100%| O|  |TAMS 0x00000000e1e00000, 0x00000000e1d00000| Untracked 
|  30|0x00000000e1e00000, 0x00000000e1f00000, 0x00000000e1f00000|100%| O|  |TAMS 0x00000000e1f00000, 0x00000000e1e00000| Untracked 
|  31|0x00000000e1f00000, 0x00000000e2000000, 0x00000000e2000000|100%| O|  |TAMS 0x00000000e1f82200, 0x00000000e1f00000| Untracked 
|  32|0x00000000e2000000, 0x00000000e2100000, 0x00000000e2100000|100%| O|  |TAMS 0x00000000e2000000, 0x00000000e2000000| Untracked 
|  33|0x00000000e2100000, 0x00000000e2200000, 0x00000000e2200000|100%| O|  |TAMS 0x00000000e2100000, 0x00000000e2100000| Untracked 
|  34|0x00000000e2200000, 0x00000000e2300000, 0x00000000e2300000|100%| O|  |TAMS 0x00000000e2200000, 0x00000000e2200000| Untracked 
|  35|0x00000000e2300000, 0x00000000e2400000, 0x00000000e2400000|100%| O|  |TAMS 0x00000000e2300000, 0x00000000e2300000| Untracked 
|  36|0x00000000e2400000, 0x00000000e2500000, 0x00000000e2500000|100%| O|  |TAMS 0x00000000e2400000, 0x00000000e2400000| Untracked 
|  37|0x00000000e2500000, 0x00000000e2600000, 0x00000000e2600000|100%| O|  |TAMS 0x00000000e2500000, 0x00000000e2500000| Untracked 
|  38|0x00000000e2600000, 0x00000000e2700000, 0x00000000e2700000|100%| O|  |TAMS 0x00000000e2600000, 0x00000000e2600000| Untracked 
|  39|0x00000000e2700000, 0x00000000e2800000, 0x00000000e2800000|100%| O|  |TAMS 0x00000000e2700000, 0x00000000e2700000| Untracked 
|  40|0x00000000e2800000, 0x00000000e2900000, 0x00000000e2900000|100%| O|  |TAMS 0x00000000e2800000, 0x00000000e2800000| Untracked 
|  41|0x00000000e2900000, 0x00000000e2a00000, 0x00000000e2a00000|100%| O|  |TAMS 0x00000000e2900000, 0x00000000e2900000| Untracked 
|  42|0x00000000e2a00000, 0x00000000e2b00000, 0x00000000e2b00000|100%| O|  |TAMS 0x00000000e2a00000, 0x00000000e2a00000| Untracked 
|  43|0x00000000e2b00000, 0x00000000e2c00000, 0x00000000e2c00000|100%| O|  |TAMS 0x00000000e2b00000, 0x00000000e2b00000| Untracked 
|  44|0x00000000e2c00000, 0x00000000e2d00000, 0x00000000e2d00000|100%| O|  |TAMS 0x00000000e2c00000, 0x00000000e2c00000| Untracked 
|  45|0x00000000e2d00000, 0x00000000e2e00000, 0x00000000e2e00000|100%| O|  |TAMS 0x00000000e2d00000, 0x00000000e2d00000| Untracked 
|  46|0x00000000e2e00000, 0x00000000e2f00000, 0x00000000e2f00000|100%| O|  |TAMS 0x00000000e2e00000, 0x00000000e2e00000| Untracked 
|  47|0x00000000e2f00000, 0x00000000e3000000, 0x00000000e3000000|100%| O|  |TAMS 0x00000000e2f00000, 0x00000000e2f00000| Untracked 
|  48|0x00000000e3000000, 0x00000000e3100000, 0x00000000e3100000|100%| O|  |TAMS 0x00000000e3000000, 0x00000000e3000000| Untracked 
|  49|0x00000000e3100000, 0x00000000e3200000, 0x00000000e3200000|100%| O|  |TAMS 0x00000000e3100000, 0x00000000e3100000| Untracked 
|  50|0x00000000e3200000, 0x00000000e3300000, 0x00000000e3300000|100%| O|  |TAMS 0x00000000e3200000, 0x00000000e3200000| Untracked 
|  51|0x00000000e3300000, 0x00000000e3400000, 0x00000000e3400000|100%| O|  |TAMS 0x00000000e3300000, 0x00000000e3300000| Untracked 
|  52|0x00000000e3400000, 0x00000000e345aa00, 0x00000000e3500000| 35%| O|  |TAMS 0x00000000e3400000, 0x00000000e3400000| Untracked 
|  53|0x00000000e3500000, 0x00000000e3500000, 0x00000000e3600000|  0%| F|  |TAMS 0x00000000e3500000, 0x00000000e3500000| Untracked 
|  54|0x00000000e3600000, 0x00000000e3600000, 0x00000000e3700000|  0%| F|  |TAMS 0x00000000e3600000, 0x00000000e3600000| Untracked 
|  55|0x00000000e3700000, 0x00000000e3700000, 0x00000000e3800000|  0%| F|  |TAMS 0x00000000e3700000, 0x00000000e3700000| Untracked 
|  56|0x00000000e3800000, 0x00000000e3800000, 0x00000000e3900000|  0%| F|  |TAMS 0x00000000e3800000, 0x00000000e3800000| Untracked 
|  57|0x00000000e3900000, 0x00000000e3900000, 0x00000000e3a00000|  0%| F|  |TAMS 0x00000000e3900000, 0x00000000e3900000| Untracked 
|  58|0x00000000e3a00000, 0x00000000e3a00000, 0x00000000e3b00000|  0%| F|  |TAMS 0x00000000e3a00000, 0x00000000e3a00000| Untracked 
|  59|0x00000000e3b00000, 0x00000000e3b00000, 0x00000000e3c00000|  0%| F|  |TAMS 0x00000000e3b00000, 0x00000000e3b00000| Untracked 
|  60|0x00000000e3c00000, 0x00000000e3c00000, 0x00000000e3d00000|  0%| F|  |TAMS 0x00000000e3c00000, 0x00000000e3c00000| Untracked 
|  61|0x00000000e3d00000, 0x00000000e3d00000, 0x00000000e3e00000|  0%| F|  |TAMS 0x00000000e3d00000, 0x00000000e3d00000| Untracked 
|  62|0x00000000e3e00000, 0x00000000e3e00000, 0x00000000e3f00000|  0%| F|  |TAMS 0x00000000e3e00000, 0x00000000e3e00000| Untracked 
|  63|0x00000000e3f00000, 0x00000000e3f00000, 0x00000000e4000000|  0%| F|  |TAMS 0x00000000e3f00000, 0x00000000e3f00000| Untracked 
|  64|0x00000000e4000000, 0x00000000e4000000, 0x00000000e4100000|  0%| F|  |TAMS 0x00000000e4000000, 0x00000000e4000000| Untracked 
|  65|0x00000000e4100000, 0x00000000e4100000, 0x00000000e4200000|  0%| F|  |TAMS 0x00000000e4100000, 0x00000000e4100000| Untracked 
|  66|0x00000000e4200000, 0x00000000e4200000, 0x00000000e4300000|  0%| F|  |TAMS 0x00000000e4200000, 0x00000000e4200000| Untracked 
|  67|0x00000000e4300000, 0x00000000e4300000, 0x00000000e4400000|  0%| F|  |TAMS 0x00000000e4300000, 0x00000000e4300000| Untracked 
|  68|0x00000000e4400000, 0x00000000e4400000, 0x00000000e4500000|  0%| F|  |TAMS 0x00000000e4400000, 0x00000000e4400000| Untracked 
|  69|0x00000000e4500000, 0x00000000e4500000, 0x00000000e4600000|  0%| F|  |TAMS 0x00000000e4500000, 0x00000000e4500000| Untracked 
|  70|0x00000000e4600000, 0x00000000e4600000, 0x00000000e4700000|  0%| F|  |TAMS 0x00000000e4600000, 0x00000000e4600000| Untracked 
|  71|0x00000000e4700000, 0x00000000e4700000, 0x00000000e4800000|  0%| F|  |TAMS 0x00000000e4700000, 0x00000000e4700000| Untracked 
|  72|0x00000000e4800000, 0x00000000e4800000, 0x00000000e4900000|  0%| F|  |TAMS 0x00000000e4800000, 0x00000000e4800000| Untracked 
|  73|0x00000000e4900000, 0x00000000e4900000, 0x00000000e4a00000|  0%| F|  |TAMS 0x00000000e4900000, 0x00000000e4900000| Untracked 
|  74|0x00000000e4a00000, 0x00000000e4a00000, 0x00000000e4b00000|  0%| F|  |TAMS 0x00000000e4a00000, 0x00000000e4a00000| Untracked 
|  75|0x00000000e4b00000, 0x00000000e4b00000, 0x00000000e4c00000|  0%| F|  |TAMS 0x00000000e4b00000, 0x00000000e4b00000| Untracked 
|  76|0x00000000e4c00000, 0x00000000e4c00000, 0x00000000e4d00000|  0%| F|  |TAMS 0x00000000e4c00000, 0x00000000e4c00000| Untracked 
|  77|0x00000000e4d00000, 0x00000000e4d00000, 0x00000000e4e00000|  0%| F|  |TAMS 0x00000000e4d00000, 0x00000000e4d00000| Untracked 
|  78|0x00000000e4e00000, 0x00000000e4e00000, 0x00000000e4f00000|  0%| F|  |TAMS 0x00000000e4e00000, 0x00000000e4e00000| Untracked 
|  79|0x00000000e4f00000, 0x00000000e4f00000, 0x00000000e5000000|  0%| F|  |TAMS 0x00000000e4f00000, 0x00000000e4f00000| Untracked 
|  80|0x00000000e5000000, 0x00000000e5000000, 0x00000000e5100000|  0%| F|  |TAMS 0x00000000e5000000, 0x00000000e5000000| Untracked 
|  81|0x00000000e5100000, 0x00000000e5100000, 0x00000000e5200000|  0%| F|  |TAMS 0x00000000e5100000, 0x00000000e5100000| Untracked 
|  82|0x00000000e5200000, 0x00000000e5200000, 0x00000000e5300000|  0%| F|  |TAMS 0x00000000e5200000, 0x00000000e5200000| Untracked 
|  83|0x00000000e5300000, 0x00000000e5300000, 0x00000000e5400000|  0%| F|  |TAMS 0x00000000e5300000, 0x00000000e5300000| Untracked 
|  84|0x00000000e5400000, 0x00000000e5400000, 0x00000000e5500000|  0%| F|  |TAMS 0x00000000e5400000, 0x00000000e5400000| Untracked 
|  85|0x00000000e5500000, 0x00000000e5500000, 0x00000000e5600000|  0%| F|  |TAMS 0x00000000e5500000, 0x00000000e5500000| Untracked 
|  86|0x00000000e5600000, 0x00000000e5600000, 0x00000000e5700000|  0%| F|  |TAMS 0x00000000e5600000, 0x00000000e5600000| Untracked 
|  87|0x00000000e5700000, 0x00000000e5700000, 0x00000000e5800000|  0%| F|  |TAMS 0x00000000e5700000, 0x00000000e5700000| Untracked 
|  88|0x00000000e5800000, 0x00000000e5800000, 0x00000000e5900000|  0%| F|  |TAMS 0x00000000e5800000, 0x00000000e5800000| Untracked 
|  89|0x00000000e5900000, 0x00000000e5900000, 0x00000000e5a00000|  0%| F|  |TAMS 0x00000000e5900000, 0x00000000e5900000| Untracked 
|  90|0x00000000e5a00000, 0x00000000e5a00000, 0x00000000e5b00000|  0%| F|  |TAMS 0x00000000e5a00000, 0x00000000e5a00000| Untracked 
|  91|0x00000000e5b00000, 0x00000000e5b00000, 0x00000000e5c00000|  0%| F|  |TAMS 0x00000000e5b00000, 0x00000000e5b00000| Untracked 
|  92|0x00000000e5c00000, 0x00000000e5c00000, 0x00000000e5d00000|  0%| F|  |TAMS 0x00000000e5c00000, 0x00000000e5c00000| Untracked 
|  93|0x00000000e5d00000, 0x00000000e5d00000, 0x00000000e5e00000|  0%| F|  |TAMS 0x00000000e5d00000, 0x00000000e5d00000| Untracked 
|  94|0x00000000e5e00000, 0x00000000e5e00000, 0x00000000e5f00000|  0%| F|  |TAMS 0x00000000e5e00000, 0x00000000e5e00000| Untracked 
|  95|0x00000000e5f00000, 0x00000000e5f00000, 0x00000000e6000000|  0%| F|  |TAMS 0x00000000e5f00000, 0x00000000e5f00000| Untracked 
|  96|0x00000000e6000000, 0x00000000e6000000, 0x00000000e6100000|  0%| F|  |TAMS 0x00000000e6000000, 0x00000000e6000000| Untracked 
|  97|0x00000000e6100000, 0x00000000e6100000, 0x00000000e6200000|  0%| F|  |TAMS 0x00000000e6100000, 0x00000000e6100000| Untracked 
|  98|0x00000000e6200000, 0x00000000e6200000, 0x00000000e6300000|  0%| F|  |TAMS 0x00000000e6200000, 0x00000000e6200000| Untracked 
|  99|0x00000000e6300000, 0x00000000e6300000, 0x00000000e6400000|  0%| F|  |TAMS 0x00000000e6300000, 0x00000000e6300000| Untracked 
| 100|0x00000000e6400000, 0x00000000e6400000, 0x00000000e6500000|  0%| F|  |TAMS 0x00000000e6400000, 0x00000000e6400000| Untracked 
| 101|0x00000000e6500000, 0x00000000e65a0dd0, 0x00000000e6600000| 62%| S|CS|TAMS 0x00000000e6500000, 0x00000000e6500000| Complete 
| 102|0x00000000e6600000, 0x00000000e6700000, 0x00000000e6700000|100%| S|CS|TAMS 0x00000000e6600000, 0x00000000e6600000| Complete 
| 103|0x00000000e6700000, 0x00000000e6700000, 0x00000000e6800000|  0%| F|  |TAMS 0x00000000e6700000, 0x00000000e6700000| Untracked 
| 104|0x00000000e6800000, 0x00000000e6800000, 0x00000000e6900000|  0%| F|  |TAMS 0x00000000e6800000, 0x00000000e6800000| Untracked 
| 105|0x00000000e6900000, 0x00000000e6900000, 0x00000000e6a00000|  0%| F|  |TAMS 0x00000000e6900000, 0x00000000e6900000| Untracked 
| 106|0x00000000e6a00000, 0x00000000e6a00000, 0x00000000e6b00000|  0%| F|  |TAMS 0x00000000e6a00000, 0x00000000e6a00000| Untracked 
| 107|0x00000000e6b00000, 0x00000000e6b00000, 0x00000000e6c00000|  0%| F|  |TAMS 0x00000000e6b00000, 0x00000000e6b00000| Untracked 
| 108|0x00000000e6c00000, 0x00000000e6c00000, 0x00000000e6d00000|  0%| F|  |TAMS 0x00000000e6c00000, 0x00000000e6c00000| Untracked 
| 109|0x00000000e6d00000, 0x00000000e6d00000, 0x00000000e6e00000|  0%| F|  |TAMS 0x00000000e6d00000, 0x00000000e6d00000| Untracked 
| 110|0x00000000e6e00000, 0x00000000e6e00000, 0x00000000e6f00000|  0%| F|  |TAMS 0x00000000e6e00000, 0x00000000e6e00000| Untracked 
| 111|0x00000000e6f00000, 0x00000000e7000000, 0x00000000e7000000|100%| S|CS|TAMS 0x00000000e6f00000, 0x00000000e6f00000| Complete 
| 112|0x00000000e7000000, 0x00000000e7100000, 0x00000000e7100000|100%| S|CS|TAMS 0x00000000e7000000, 0x00000000e7000000| Complete 
| 113|0x00000000e7100000, 0x00000000e7200000, 0x00000000e7200000|100%| S|CS|TAMS 0x00000000e7100000, 0x00000000e7100000| Complete 
| 114|0x00000000e7200000, 0x00000000e7300000, 0x00000000e7300000|100%| S|CS|TAMS 0x00000000e7200000, 0x00000000e7200000| Complete 
| 115|0x00000000e7300000, 0x00000000e7400000, 0x00000000e7400000|100%| S|CS|TAMS 0x00000000e7300000, 0x00000000e7300000| Complete 
| 116|0x00000000e7400000, 0x00000000e7500000, 0x00000000e7500000|100%| S|CS|TAMS 0x00000000e7400000, 0x00000000e7400000| Complete 
| 117|0x00000000e7500000, 0x00000000e7600000, 0x00000000e7600000|100%| S|CS|TAMS 0x00000000e7500000, 0x00000000e7500000| Complete 
| 118|0x00000000e7600000, 0x00000000e7700000, 0x00000000e7700000|100%| S|CS|TAMS 0x00000000e7600000, 0x00000000e7600000| Complete 
| 119|0x00000000e7700000, 0x00000000e7800000, 0x00000000e7800000|100%| S|CS|TAMS 0x00000000e7700000, 0x00000000e7700000| Complete 
| 120|0x00000000e7800000, 0x00000000e7900000, 0x00000000e7900000|100%| S|CS|TAMS 0x00000000e7800000, 0x00000000e7800000| Complete 
| 121|0x00000000e7900000, 0x00000000e7a00000, 0x00000000e7a00000|100%| S|CS|TAMS 0x00000000e7900000, 0x00000000e7900000| Complete 
| 122|0x00000000e7a00000, 0x00000000e7b00000, 0x00000000e7b00000|100%| S|CS|TAMS 0x00000000e7a00000, 0x00000000e7a00000| Complete 
| 123|0x00000000e7b00000, 0x00000000e7b00000, 0x00000000e7c00000|  0%| F|  |TAMS 0x00000000e7b00000, 0x00000000e7b00000| Untracked 
| 124|0x00000000e7c00000, 0x00000000e7c00000, 0x00000000e7d00000|  0%| F|  |TAMS 0x00000000e7c00000, 0x00000000e7c00000| Untracked 
| 125|0x00000000e7d00000, 0x00000000e7d00000, 0x00000000e7e00000|  0%| F|  |TAMS 0x00000000e7d00000, 0x00000000e7d00000| Untracked 
| 126|0x00000000e7e00000, 0x00000000e7e00000, 0x00000000e7f00000|  0%| F|  |TAMS 0x00000000e7e00000, 0x00000000e7e00000| Untracked 
| 127|0x00000000e7f00000, 0x00000000e7f00000, 0x00000000e8000000|  0%| F|  |TAMS 0x00000000e7f00000, 0x00000000e7f00000| Untracked 
| 128|0x00000000e8000000, 0x00000000e8000000, 0x00000000e8100000|  0%| F|  |TAMS 0x00000000e8000000, 0x00000000e8000000| Untracked 
| 129|0x00000000e8100000, 0x00000000e8100000, 0x00000000e8200000|  0%| F|  |TAMS 0x00000000e8100000, 0x00000000e8100000| Untracked 
| 130|0x00000000e8200000, 0x00000000e8200000, 0x00000000e8300000|  0%| F|  |TAMS 0x00000000e8200000, 0x00000000e8200000| Untracked 
| 131|0x00000000e8300000, 0x00000000e8300000, 0x00000000e8400000|  0%| F|  |TAMS 0x00000000e8300000, 0x00000000e8300000| Untracked 
| 132|0x00000000e8400000, 0x00000000e8400000, 0x00000000e8500000|  0%| F|  |TAMS 0x00000000e8400000, 0x00000000e8400000| Untracked 
| 133|0x00000000e8500000, 0x00000000e8500000, 0x00000000e8600000|  0%| F|  |TAMS 0x00000000e8500000, 0x00000000e8500000| Untracked 
| 134|0x00000000e8600000, 0x00000000e8600000, 0x00000000e8700000|  0%| F|  |TAMS 0x00000000e8600000, 0x00000000e8600000| Untracked 
| 135|0x00000000e8700000, 0x00000000e8700000, 0x00000000e8800000|  0%| F|  |TAMS 0x00000000e8700000, 0x00000000e8700000| Untracked 
| 136|0x00000000e8800000, 0x00000000e8800000, 0x00000000e8900000|  0%| F|  |TAMS 0x00000000e8800000, 0x00000000e8800000| Untracked 
| 137|0x00000000e8900000, 0x00000000e8900000, 0x00000000e8a00000|  0%| F|  |TAMS 0x00000000e8900000, 0x00000000e8900000| Untracked 
| 138|0x00000000e8a00000, 0x00000000e8a00000, 0x00000000e8b00000|  0%| F|  |TAMS 0x00000000e8a00000, 0x00000000e8a00000| Untracked 
| 139|0x00000000e8b00000, 0x00000000e8b00000, 0x00000000e8c00000|  0%| F|  |TAMS 0x00000000e8b00000, 0x00000000e8b00000| Untracked 
| 140|0x00000000e8c00000, 0x00000000e8c00000, 0x00000000e8d00000|  0%| F|  |TAMS 0x00000000e8c00000, 0x00000000e8c00000| Untracked 
| 141|0x00000000e8d00000, 0x00000000e8d00000, 0x00000000e8e00000|  0%| F|  |TAMS 0x00000000e8d00000, 0x00000000e8d00000| Untracked 
| 142|0x00000000e8e00000, 0x00000000e8e00000, 0x00000000e8f00000|  0%| F|  |TAMS 0x00000000e8e00000, 0x00000000e8e00000| Untracked 
| 143|0x00000000e8f00000, 0x00000000e8f00000, 0x00000000e9000000|  0%| F|  |TAMS 0x00000000e8f00000, 0x00000000e8f00000| Untracked 
| 144|0x00000000e9000000, 0x00000000e9000000, 0x00000000e9100000|  0%| F|  |TAMS 0x00000000e9000000, 0x00000000e9000000| Untracked 
| 145|0x00000000e9100000, 0x00000000e9100000, 0x00000000e9200000|  0%| F|  |TAMS 0x00000000e9100000, 0x00000000e9100000| Untracked 
| 146|0x00000000e9200000, 0x00000000e9200000, 0x00000000e9300000|  0%| F|  |TAMS 0x00000000e9200000, 0x00000000e9200000| Untracked 
| 147|0x00000000e9300000, 0x00000000e9300000, 0x00000000e9400000|  0%| F|  |TAMS 0x00000000e9300000, 0x00000000e9300000| Untracked 
| 148|0x00000000e9400000, 0x00000000e9400000, 0x00000000e9500000|  0%| F|  |TAMS 0x00000000e9400000, 0x00000000e9400000| Untracked 
| 149|0x00000000e9500000, 0x00000000e9500000, 0x00000000e9600000|  0%| F|  |TAMS 0x00000000e9500000, 0x00000000e9500000| Untracked 
| 150|0x00000000e9600000, 0x00000000e9600000, 0x00000000e9700000|  0%| F|  |TAMS 0x00000000e9600000, 0x00000000e9600000| Untracked 
| 151|0x00000000e9700000, 0x00000000e9700000, 0x00000000e9800000|  0%| F|  |TAMS 0x00000000e9700000, 0x00000000e9700000| Untracked 
| 152|0x00000000e9800000, 0x00000000e9800000, 0x00000000e9900000|  0%| F|  |TAMS 0x00000000e9800000, 0x00000000e9800000| Untracked 
| 153|0x00000000e9900000, 0x00000000e9900000, 0x00000000e9a00000|  0%| F|  |TAMS 0x00000000e9900000, 0x00000000e9900000| Untracked 
| 154|0x00000000e9a00000, 0x00000000e9a00000, 0x00000000e9b00000|  0%| F|  |TAMS 0x00000000e9a00000, 0x00000000e9a00000| Untracked 
| 155|0x00000000e9b00000, 0x00000000e9b00000, 0x00000000e9c00000|  0%| F|  |TAMS 0x00000000e9b00000, 0x00000000e9b00000| Untracked 
| 156|0x00000000e9c00000, 0x00000000e9c00000, 0x00000000e9d00000|  0%| F|  |TAMS 0x00000000e9c00000, 0x00000000e9c00000| Untracked 
| 157|0x00000000e9d00000, 0x00000000e9d21d40, 0x00000000e9e00000| 13%| E|  |TAMS 0x00000000e9d00000, 0x00000000e9d00000| Complete 
| 158|0x00000000e9e00000, 0x00000000e9f00000, 0x00000000e9f00000|100%| E|CS|TAMS 0x00000000e9e00000, 0x00000000e9e00000| Complete 
| 159|0x00000000e9f00000, 0x00000000ea000000, 0x00000000ea000000|100%| E|CS|TAMS 0x00000000e9f00000, 0x00000000e9f00000| Complete 
| 160|0x00000000ea000000, 0x00000000ea100000, 0x00000000ea100000|100%| E|CS|TAMS 0x00000000ea000000, 0x00000000ea000000| Complete 
| 161|0x00000000ea100000, 0x00000000ea200000, 0x00000000ea200000|100%| E|CS|TAMS 0x00000000ea100000, 0x00000000ea100000| Complete 
| 162|0x00000000ea200000, 0x00000000ea300000, 0x00000000ea300000|100%| E|CS|TAMS 0x00000000ea200000, 0x00000000ea200000| Complete 
| 163|0x00000000ea300000, 0x00000000ea400000, 0x00000000ea400000|100%| E|CS|TAMS 0x00000000ea300000, 0x00000000ea300000| Complete 
| 164|0x00000000ea400000, 0x00000000ea500000, 0x00000000ea500000|100%| E|CS|TAMS 0x00000000ea400000, 0x00000000ea400000| Complete 
| 165|0x00000000ea500000, 0x00000000ea600000, 0x00000000ea600000|100%| E|CS|TAMS 0x00000000ea500000, 0x00000000ea500000| Complete 
| 166|0x00000000ea600000, 0x00000000ea700000, 0x00000000ea700000|100%| E|CS|TAMS 0x00000000ea600000, 0x00000000ea600000| Complete 
| 167|0x00000000ea700000, 0x00000000ea800000, 0x00000000ea800000|100%| E|CS|TAMS 0x00000000ea700000, 0x00000000ea700000| Complete 
| 168|0x00000000ea800000, 0x00000000ea900000, 0x00000000ea900000|100%| E|CS|TAMS 0x00000000ea800000, 0x00000000ea800000| Complete 
| 169|0x00000000ea900000, 0x00000000eaa00000, 0x00000000eaa00000|100%| E|CS|TAMS 0x00000000ea900000, 0x00000000ea900000| Complete 
| 170|0x00000000eaa00000, 0x00000000eab00000, 0x00000000eab00000|100%| E|  |TAMS 0x00000000eaa00000, 0x00000000eaa00000| Complete 
| 171|0x00000000eab00000, 0x00000000eac00000, 0x00000000eac00000|100%| E|CS|TAMS 0x00000000eab00000, 0x00000000eab00000| Complete 
| 172|0x00000000eac00000, 0x00000000ead00000, 0x00000000ead00000|100%| E|CS|TAMS 0x00000000eac00000, 0x00000000eac00000| Complete 
| 173|0x00000000ead00000, 0x00000000eae00000, 0x00000000eae00000|100%| E|CS|TAMS 0x00000000ead00000, 0x00000000ead00000| Complete 
| 174|0x00000000eae00000, 0x00000000eaf00000, 0x00000000eaf00000|100%| E|CS|TAMS 0x00000000eae00000, 0x00000000eae00000| Complete 
| 175|0x00000000eaf00000, 0x00000000eb000000, 0x00000000eb000000|100%| E|CS|TAMS 0x00000000eaf00000, 0x00000000eaf00000| Complete 
| 176|0x00000000eb000000, 0x00000000eb100000, 0x00000000eb100000|100%| E|CS|TAMS 0x00000000eb000000, 0x00000000eb000000| Complete 
| 177|0x00000000eb100000, 0x00000000eb200000, 0x00000000eb200000|100%| E|CS|TAMS 0x00000000eb100000, 0x00000000eb100000| Complete 
| 178|0x00000000eb200000, 0x00000000eb300000, 0x00000000eb300000|100%| E|CS|TAMS 0x00000000eb200000, 0x00000000eb200000| Complete 
| 179|0x00000000eb300000, 0x00000000eb400000, 0x00000000eb400000|100%| E|CS|TAMS 0x00000000eb300000, 0x00000000eb300000| Complete 
| 180|0x00000000eb400000, 0x00000000eb500000, 0x00000000eb500000|100%| E|CS|TAMS 0x00000000eb400000, 0x00000000eb400000| Complete 
| 181|0x00000000eb500000, 0x00000000eb600000, 0x00000000eb600000|100%| E|CS|TAMS 0x00000000eb500000, 0x00000000eb500000| Complete 
| 182|0x00000000eb600000, 0x00000000eb700000, 0x00000000eb700000|100%| E|CS|TAMS 0x00000000eb600000, 0x00000000eb600000| Complete 
| 183|0x00000000eb700000, 0x00000000eb800000, 0x00000000eb800000|100%| E|CS|TAMS 0x00000000eb700000, 0x00000000eb700000| Complete 
| 184|0x00000000eb800000, 0x00000000eb900000, 0x00000000eb900000|100%| E|CS|TAMS 0x00000000eb800000, 0x00000000eb800000| Complete 
| 185|0x00000000eb900000, 0x00000000eba00000, 0x00000000eba00000|100%| E|CS|TAMS 0x00000000eb900000, 0x00000000eb900000| Complete 
| 186|0x00000000eba00000, 0x00000000ebb00000, 0x00000000ebb00000|100%| E|CS|TAMS 0x00000000eba00000, 0x00000000eba00000| Complete 
| 187|0x00000000ebb00000, 0x00000000ebc00000, 0x00000000ebc00000|100%| E|CS|TAMS 0x00000000ebb00000, 0x00000000ebb00000| Complete 
| 188|0x00000000ebc00000, 0x00000000ebd00000, 0x00000000ebd00000|100%| E|CS|TAMS 0x00000000ebc00000, 0x00000000ebc00000| Complete 
| 189|0x00000000ebd00000, 0x00000000ebe00000, 0x00000000ebe00000|100%| E|CS|TAMS 0x00000000ebd00000, 0x00000000ebd00000| Complete 
| 190|0x00000000ebe00000, 0x00000000ebf00000, 0x00000000ebf00000|100%| E|CS|TAMS 0x00000000ebe00000, 0x00000000ebe00000| Complete 
| 191|0x00000000ebf00000, 0x00000000ec000000, 0x00000000ec000000|100%| E|CS|TAMS 0x00000000ebf00000, 0x00000000ebf00000| Complete 
| 192|0x00000000ec000000, 0x00000000ec100000, 0x00000000ec100000|100%| E|CS|TAMS 0x00000000ec000000, 0x00000000ec000000| Complete 
| 193|0x00000000ec100000, 0x00000000ec200000, 0x00000000ec200000|100%| E|CS|TAMS 0x00000000ec100000, 0x00000000ec100000| Complete 
| 194|0x00000000ec200000, 0x00000000ec300000, 0x00000000ec300000|100%| E|CS|TAMS 0x00000000ec200000, 0x00000000ec200000| Complete 
| 195|0x00000000ec300000, 0x00000000ec400000, 0x00000000ec400000|100%| E|CS|TAMS 0x00000000ec300000, 0x00000000ec300000| Complete 
| 196|0x00000000ec400000, 0x00000000ec500000, 0x00000000ec500000|100%| E|CS|TAMS 0x00000000ec400000, 0x00000000ec400000| Complete 
| 197|0x00000000ec500000, 0x00000000ec600000, 0x00000000ec600000|100%| E|CS|TAMS 0x00000000ec500000, 0x00000000ec500000| Complete 
| 198|0x00000000ec600000, 0x00000000ec700000, 0x00000000ec700000|100%| E|CS|TAMS 0x00000000ec600000, 0x00000000ec600000| Complete 
| 199|0x00000000ec700000, 0x00000000ec800000, 0x00000000ec800000|100%| E|CS|TAMS 0x00000000ec700000, 0x00000000ec700000| Complete 
| 200|0x00000000ec800000, 0x00000000ec900000, 0x00000000ec900000|100%| E|CS|TAMS 0x00000000ec800000, 0x00000000ec800000| Complete 
| 201|0x00000000ec900000, 0x00000000eca00000, 0x00000000eca00000|100%| E|CS|TAMS 0x00000000ec900000, 0x00000000ec900000| Complete 
| 202|0x00000000eca00000, 0x00000000ecb00000, 0x00000000ecb00000|100%| E|CS|TAMS 0x00000000eca00000, 0x00000000eca00000| Complete 
| 203|0x00000000ecb00000, 0x00000000ecc00000, 0x00000000ecc00000|100%| E|CS|TAMS 0x00000000ecb00000, 0x00000000ecb00000| Complete 
| 204|0x00000000ecc00000, 0x00000000ecd00000, 0x00000000ecd00000|100%| E|CS|TAMS 0x00000000ecc00000, 0x00000000ecc00000| Complete 
| 205|0x00000000ecd00000, 0x00000000ece00000, 0x00000000ece00000|100%| E|CS|TAMS 0x00000000ecd00000, 0x00000000ecd00000| Complete 
| 206|0x00000000ece00000, 0x00000000ecf00000, 0x00000000ecf00000|100%| E|CS|TAMS 0x00000000ece00000, 0x00000000ece00000| Complete 
| 207|0x00000000ecf00000, 0x00000000ed000000, 0x00000000ed000000|100%| E|CS|TAMS 0x00000000ecf00000, 0x00000000ecf00000| Complete 
| 208|0x00000000ed000000, 0x00000000ed100000, 0x00000000ed100000|100%| E|CS|TAMS 0x00000000ed000000, 0x00000000ed000000| Complete 
| 209|0x00000000ed100000, 0x00000000ed200000, 0x00000000ed200000|100%| E|CS|TAMS 0x00000000ed100000, 0x00000000ed100000| Complete 
| 210|0x00000000ed200000, 0x00000000ed300000, 0x00000000ed300000|100%| E|CS|TAMS 0x00000000ed200000, 0x00000000ed200000| Complete 
| 211|0x00000000ed300000, 0x00000000ed400000, 0x00000000ed400000|100%| E|CS|TAMS 0x00000000ed300000, 0x00000000ed300000| Complete 
| 212|0x00000000ed400000, 0x00000000ed500000, 0x00000000ed500000|100%| E|CS|TAMS 0x00000000ed400000, 0x00000000ed400000| Complete 
| 213|0x00000000ed500000, 0x00000000ed600000, 0x00000000ed600000|100%| E|CS|TAMS 0x00000000ed500000, 0x00000000ed500000| Complete 
| 214|0x00000000ed600000, 0x00000000ed700000, 0x00000000ed700000|100%| E|CS|TAMS 0x00000000ed600000, 0x00000000ed600000| Complete 
| 215|0x00000000ed700000, 0x00000000ed800000, 0x00000000ed800000|100%| E|CS|TAMS 0x00000000ed700000, 0x00000000ed700000| Complete 
| 216|0x00000000ed800000, 0x00000000ed900000, 0x00000000ed900000|100%| E|CS|TAMS 0x00000000ed800000, 0x00000000ed800000| Complete 
| 217|0x00000000ed900000, 0x00000000eda00000, 0x00000000eda00000|100%| E|CS|TAMS 0x00000000ed900000, 0x00000000ed900000| Complete 
| 218|0x00000000eda00000, 0x00000000edb00000, 0x00000000edb00000|100%| E|CS|TAMS 0x00000000eda00000, 0x00000000eda00000| Complete 
| 219|0x00000000edb00000, 0x00000000edc00000, 0x00000000edc00000|100%| E|CS|TAMS 0x00000000edb00000, 0x00000000edb00000| Complete 
| 220|0x00000000edc00000, 0x00000000edd00000, 0x00000000edd00000|100%| E|CS|TAMS 0x00000000edc00000, 0x00000000edc00000| Complete 
| 221|0x00000000edd00000, 0x00000000ede00000, 0x00000000ede00000|100%| E|CS|TAMS 0x00000000edd00000, 0x00000000edd00000| Complete 
| 222|0x00000000ede00000, 0x00000000edf00000, 0x00000000edf00000|100%| E|CS|TAMS 0x00000000ede00000, 0x00000000ede00000| Complete 
| 223|0x00000000edf00000, 0x00000000ee000000, 0x00000000ee000000|100%| E|CS|TAMS 0x00000000edf00000, 0x00000000edf00000| Complete 
| 224|0x00000000ee000000, 0x00000000ee100000, 0x00000000ee100000|100%| E|CS|TAMS 0x00000000ee000000, 0x00000000ee000000| Complete 
| 225|0x00000000ee100000, 0x00000000ee200000, 0x00000000ee200000|100%| E|CS|TAMS 0x00000000ee100000, 0x00000000ee100000| Complete 
| 226|0x00000000ee200000, 0x00000000ee300000, 0x00000000ee300000|100%| E|CS|TAMS 0x00000000ee200000, 0x00000000ee200000| Complete 
| 227|0x00000000ee300000, 0x00000000ee400000, 0x00000000ee400000|100%| E|CS|TAMS 0x00000000ee300000, 0x00000000ee300000| Complete 
| 228|0x00000000ee400000, 0x00000000ee500000, 0x00000000ee500000|100%| E|CS|TAMS 0x00000000ee400000, 0x00000000ee400000| Complete 
| 229|0x00000000ee500000, 0x00000000ee600000, 0x00000000ee600000|100%| E|CS|TAMS 0x00000000ee500000, 0x00000000ee500000| Complete 
| 230|0x00000000ee600000, 0x00000000ee700000, 0x00000000ee700000|100%| E|CS|TAMS 0x00000000ee600000, 0x00000000ee600000| Complete 
| 231|0x00000000ee700000, 0x00000000ee800000, 0x00000000ee800000|100%| E|CS|TAMS 0x00000000ee700000, 0x00000000ee700000| Complete 
| 232|0x00000000ee800000, 0x00000000ee900000, 0x00000000ee900000|100%| E|CS|TAMS 0x00000000ee800000, 0x00000000ee800000| Complete 
| 233|0x00000000ee900000, 0x00000000eea00000, 0x00000000eea00000|100%| E|CS|TAMS 0x00000000ee900000, 0x00000000ee900000| Complete 
| 234|0x00000000eea00000, 0x00000000eeb00000, 0x00000000eeb00000|100%| E|CS|TAMS 0x00000000eea00000, 0x00000000eea00000| Complete 
| 235|0x00000000eeb00000, 0x00000000eec00000, 0x00000000eec00000|100%| E|CS|TAMS 0x00000000eeb00000, 0x00000000eeb00000| Complete 
| 236|0x00000000eec00000, 0x00000000eed00000, 0x00000000eed00000|100%| E|CS|TAMS 0x00000000eec00000, 0x00000000eec00000| Complete 
| 237|0x00000000eed00000, 0x00000000eee00000, 0x00000000eee00000|100%| E|CS|TAMS 0x00000000eed00000, 0x00000000eed00000| Complete 
| 238|0x00000000eee00000, 0x00000000eef00000, 0x00000000eef00000|100%| E|CS|TAMS 0x00000000eee00000, 0x00000000eee00000| Complete 
| 239|0x00000000eef00000, 0x00000000ef000000, 0x00000000ef000000|100%| E|CS|TAMS 0x00000000eef00000, 0x00000000eef00000| Complete 
| 240|0x00000000ef000000, 0x00000000ef100000, 0x00000000ef100000|100%| E|CS|TAMS 0x00000000ef000000, 0x00000000ef000000| Complete 
| 241|0x00000000ef100000, 0x00000000ef200000, 0x00000000ef200000|100%| E|CS|TAMS 0x00000000ef100000, 0x00000000ef100000| Complete 
| 242|0x00000000ef200000, 0x00000000ef300000, 0x00000000ef300000|100%| E|CS|TAMS 0x00000000ef200000, 0x00000000ef200000| Complete 
| 243|0x00000000ef300000, 0x00000000ef400000, 0x00000000ef400000|100%| E|CS|TAMS 0x00000000ef300000, 0x00000000ef300000| Complete 
| 244|0x00000000ef400000, 0x00000000ef500000, 0x00000000ef500000|100%| E|CS|TAMS 0x00000000ef400000, 0x00000000ef400000| Complete 
| 245|0x00000000ef500000, 0x00000000ef600000, 0x00000000ef600000|100%| E|CS|TAMS 0x00000000ef500000, 0x00000000ef500000| Complete 
| 246|0x00000000ef600000, 0x00000000ef700000, 0x00000000ef700000|100%| E|CS|TAMS 0x00000000ef600000, 0x00000000ef600000| Complete 
| 247|0x00000000ef700000, 0x00000000ef800000, 0x00000000ef800000|100%| E|CS|TAMS 0x00000000ef700000, 0x00000000ef700000| Complete 
| 248|0x00000000ef800000, 0x00000000ef900000, 0x00000000ef900000|100%| E|CS|TAMS 0x00000000ef800000, 0x00000000ef800000| Complete 
| 249|0x00000000ef900000, 0x00000000efa00000, 0x00000000efa00000|100%| E|CS|TAMS 0x00000000ef900000, 0x00000000ef900000| Complete 
| 250|0x00000000efa00000, 0x00000000efb00000, 0x00000000efb00000|100%| E|CS|TAMS 0x00000000efa00000, 0x00000000efa00000| Complete 
| 251|0x00000000efb00000, 0x00000000efc00000, 0x00000000efc00000|100%| E|CS|TAMS 0x00000000efb00000, 0x00000000efb00000| Complete 
| 252|0x00000000efc00000, 0x00000000efd00000, 0x00000000efd00000|100%| E|CS|TAMS 0x00000000efc00000, 0x00000000efc00000| Complete 
| 253|0x00000000efd00000, 0x00000000efe00000, 0x00000000efe00000|100%| E|CS|TAMS 0x00000000efd00000, 0x00000000efd00000| Complete 
| 254|0x00000000efe00000, 0x00000000eff00000, 0x00000000eff00000|100%| E|CS|TAMS 0x00000000efe00000, 0x00000000efe00000| Complete 
| 255|0x00000000eff00000, 0x00000000f0000000, 0x00000000f0000000|100%| E|CS|TAMS 0x00000000eff00000, 0x00000000eff00000| Complete 

Card table byte_map: [0x00000201fec30000,0x00000201fed30000] _byte_map_base: 0x00000201fe530000

Marking Bits (Prev, Next): (CMBitMap*) 0x00000201f4e370b0, (CMBitMap*) 0x00000201f4e370f0
 Prev Bits: [0x00000201fee30000, 0x00000201ff630000)
 Next Bits: [0x00000201ff630000, 0x00000201ffe30000)

Polling page: 0x00000201f4ee0000

Metaspace:

Usage:
  Non-class:     49.77 MB used.
      Class:      8.05 MB used.
       Both:     57.81 MB used.

Virtual space:
  Non-class space:       64.00 MB reserved,      50.12 MB ( 78%) committed,  1 nodes.
      Class space:      320.00 MB reserved,       8.38 MB (  3%) committed,  1 nodes.
             Both:      384.00 MB reserved,      58.50 MB ( 15%) committed. 

Chunk freelists:
   Non-Class:  13.70 MB
       Class:  7.67 MB
        Both:  21.37 MB

MaxMetaspaceSize: 384.00 MB
CompressedClassSpaceSize: 320.00 MB
Initial GC threshold: 21.00 MB
Current GC threshold: 59.38 MB
CDS: on
MetaspaceReclaimPolicy: balanced
 - commit_granule_bytes: 65536.
 - commit_granule_words: 8192.
 - virtual_space_node_default_size: 8388608.
 - enlarge_chunks_in_place: 1.
 - new_chunks_are_fully_committed: 0.
 - uncommit_free_chunks: 1.
 - use_allocation_guard: 0.
 - handle_deallocations: 1.


Internal statistics:

num_allocs_failed_limit: 9.
num_arena_births: 770.
num_arena_deaths: 0.
num_vsnodes_births: 2.
num_vsnodes_deaths: 0.
num_space_committed: 936.
num_space_uncommitted: 0.
num_chunks_returned_to_freelist: 9.
num_chunks_taken_from_freelist: 3346.
num_chunk_merges: 9.
num_chunk_splits: 2095.
num_chunks_enlarged: 1322.
num_inconsistent_stats: 0.

CodeHeap 'non-profiled nmethods': size=120000Kb used=5481Kb max_used=5786Kb free=114518Kb
 bounds [0x0000020187ad0000, 0x0000020188090000, 0x000002018f000000]
CodeHeap 'profiled nmethods': size=120000Kb used=17917Kb max_used=19725Kb free=102082Kb
 bounds [0x0000020180000000, 0x0000020181350000, 0x0000020187530000]
CodeHeap 'non-nmethods': size=5760Kb used=2343Kb max_used=2497Kb free=3416Kb
 bounds [0x0000020187530000, 0x00000201877d0000, 0x0000020187ad0000]
 total_blobs=10031 nmethods=9169 adapters=774
 compilation: enabled
              stopped_count=0, restarted_count=0
 full_count=0

Compilation events (20 events):
Event: 14.792 Thread 0x0000020191b5bfb0 10869       4       sun.reflect.generics.parser.SignatureParser::parseFieldTypeSignature (73 bytes)
Event: 14.843 Thread 0x0000020191b5bfb0 nmethod 10869 0x0000020187bd8190 code [0x0000020187bd84a0, 0x0000020187bda8b8]
Event: 14.844 Thread 0x0000020191b5bfb0 10866       4       java.util.TreeMap::put (8 bytes)
Event: 14.844 Thread 0x0000020191b5bfb0 nmethod 10866 0x0000020187cdc890 code [0x0000020187cdca20, 0x0000020187cdcac8]
Event: 15.161 Thread 0x00000201af2496a0 nmethod 10870 0x0000020187d77d90 code [0x0000020187d782e0, 0x0000020187d7ff70]
Event: 15.235 Thread 0x00000201af249bf0 nmethod 10863% 0x0000020188076a90 code [0x0000020188077000, 0x000002018807edf8]
Event: 15.661 Thread 0x00000201af2496a0 10874       4       org.gradle.internal.logging.text.AbstractLineChoppingStyledTextOutput$1::execute (9 bytes)
Event: 15.661 Thread 0x0000020191b5c8c0 10875       2       org.gradle.internal.logging.text.AbstractLineChoppingStyledTextOutput$1::execute (140 bytes)
Event: 15.661 Thread 0x0000020191b5bfb0 10876       4       org.gradle.internal.logging.text.AbstractLineChoppingStyledTextOutput::access$800 (4 bytes)
Event: 15.661 Thread 0x0000020191b5bfb0 nmethod 10876 0x0000020187d77910 code [0x0000020187d77a80, 0x0000020187d77ad8]
Event: 15.661 Thread 0x0000020191b5bfb0 10879       4       org.gradle.internal.logging.text.AbstractLineChoppingStyledTextOutput::doAppend (43 bytes)
Event: 15.662 Thread 0x0000020191b5c8c0 nmethod 10875 0x00000201807c4110 code [0x00000201807c4340, 0x00000201807c4818]
Event: 15.662 Thread 0x0000020191b5c8c0 10878       2       org.gradle.internal.logging.text.AbstractLineChoppingStyledTextOutput$2::execute (77 bytes)
Event: 15.662 Thread 0x0000020191b5c8c0 nmethod 10878 0x0000020180bebd90 code [0x0000020180bebfa0, 0x0000020180bec388]
Event: 15.662 Thread 0x0000020191b5c8c0 10877       2       org.gradle.internal.logging.text.AbstractLineChoppingStyledTextOutput$2::execute (9 bytes)
Event: 15.662 Thread 0x0000020191b5c8c0 nmethod 10877 0x0000020180481610 code [0x00000201804817a0, 0x0000020180481908]
Event: 15.663 Thread 0x0000020191b5c8c0 10880       3       org.gradle.internal.io.LineBufferingOutputStream::write (59 bytes)
Event: 15.664 Thread 0x0000020191b5c8c0 nmethod 10880 0x0000020180cc6b90 code [0x0000020180cc6e40, 0x0000020180cc7c78]
Event: 15.664 Thread 0x0000020191b5c8c0 10881       3       org.gradle.internal.io.StreamByteBuffer$StreamByteBufferOutputStream::write (22 bytes)
Event: 15.664 Thread 0x0000020191b5c8c0 nmethod 10881 0x0000020180746f90 code [0x0000020180747140, 0x0000020180747318]

GC Heap History (20 events):
Event: 0.637 GC heap before
{Heap before GC invocations=0 (full 0):
 garbage-first heap   total 262144K, used 23552K [0x00000000e0000000, 0x0000000100000000)
  region size 1024K, 23 young (23552K), 0 survivors (0K)
 Metaspace       used 913K, committed 1088K, reserved 393216K
  class space    used 69K, committed 128K, reserved 327680K
}
Event: 0.640 GC heap after
{Heap after GC invocations=1 (full 0):
 garbage-first heap   total 262144K, used 1823K [0x00000000e0000000, 0x0000000100000000)
  region size 1024K, 2 young (2048K), 2 survivors (2048K)
 Metaspace       used 913K, committed 1088K, reserved 393216K
  class space    used 69K, committed 128K, reserved 327680K
}
Event: 1.513 GC heap before
{Heap before GC invocations=1 (full 0):
 garbage-first heap   total 262144K, used 37663K [0x00000000e0000000, 0x0000000100000000)
  region size 1024K, 35 young (35840K), 2 survivors (2048K)
 Metaspace       used 4388K, committed 4608K, reserved 393216K
  class space    used 552K, committed 640K, reserved 327680K
}
Event: 1.518 GC heap after
{Heap after GC invocations=2 (full 0):
 garbage-first heap   total 262144K, used 10800K [0x00000000e0000000, 0x0000000100000000)
  region size 1024K, 5 young (5120K), 5 survivors (5120K)
 Metaspace       used 4388K, committed 4608K, reserved 393216K
  class space    used 552K, committed 640K, reserved 327680K
}
Event: 2.387 GC heap before
{Heap before GC invocations=2 (full 0):
 garbage-first heap   total 262144K, used 66096K [0x00000000e0000000, 0x0000000100000000)
  region size 1024K, 57 young (58368K), 5 survivors (5120K)
 Metaspace       used 4955K, committed 5120K, reserved 393216K
  class space    used 637K, committed 704K, reserved 327680K
}
Event: 2.392 GC heap after
{Heap after GC invocations=3 (full 0):
 garbage-first heap   total 262144K, used 16787K [0x00000000e0000000, 0x0000000100000000)
  region size 1024K, 5 young (5120K), 5 survivors (5120K)
 Metaspace       used 4955K, committed 5120K, reserved 393216K
  class space    used 637K, committed 704K, reserved 327680K
}
Event: 5.457 GC heap before
{Heap before GC invocations=3 (full 0):
 garbage-first heap   total 262144K, used 124307K [0x00000000e0000000, 0x0000000100000000)
  region size 1024K, 111 young (113664K), 5 survivors (5120K)
 Metaspace       used 21143K, committed 21504K, reserved 393216K
  class space    used 3079K, committed 3264K, reserved 327680K
}
Event: 5.465 GC heap after
{Heap after GC invocations=4 (full 0):
 garbage-first heap   total 262144K, used 24358K [0x00000000e0000000, 0x0000000100000000)
  region size 1024K, 12 young (12288K), 12 survivors (12288K)
 Metaspace       used 21143K, committed 21504K, reserved 393216K
  class space    used 3079K, committed 3264K, reserved 327680K
}
Event: 7.392 GC heap before
{Heap before GC invocations=5 (full 0):
 garbage-first heap   total 262144K, used 145190K [0x00000000e0000000, 0x0000000100000000)
  region size 1024K, 127 young (130048K), 12 survivors (12288K)
 Metaspace       used 35538K, committed 35968K, reserved 393216K
  class space    used 4929K, committed 5120K, reserved 327680K
}
Event: 7.403 GC heap after
{Heap after GC invocations=6 (full 0):
 garbage-first heap   total 262144K, used 32902K [0x00000000e0000000, 0x0000000100000000)
  region size 1024K, 16 young (16384K), 16 survivors (16384K)
 Metaspace       used 35538K, committed 35968K, reserved 393216K
  class space    used 4929K, committed 5120K, reserved 327680K
}
Event: 7.416 GC heap before
{Heap before GC invocations=6 (full 0):
 garbage-first heap   total 262144K, used 33926K [0x00000000e0000000, 0x0000000100000000)
  region size 1024K, 17 young (17408K), 16 survivors (16384K)
 Metaspace       used 35628K, committed 36096K, reserved 393216K
  class space    used 4946K, committed 5120K, reserved 327680K
}
Event: 7.425 GC heap after
{Heap after GC invocations=7 (full 0):
 garbage-first heap   total 262144K, used 33288K [0x00000000e0000000, 0x0000000100000000)
  region size 1024K, 2 young (2048K), 2 survivors (2048K)
 Metaspace       used 35628K, committed 36096K, reserved 393216K
  class space    used 4946K, committed 5120K, reserved 327680K
}
Event: 7.447 GC heap before
{Heap before GC invocations=7 (full 0):
 garbage-first heap   total 262144K, used 34312K [0x00000000e0000000, 0x0000000100000000)
  region size 1024K, 4 young (4096K), 2 survivors (2048K)
 Metaspace       used 35849K, committed 36288K, reserved 393216K
  class space    used 4985K, committed 5184K, reserved 327680K
}
Event: 7.448 GC heap after
{Heap after GC invocations=8 (full 0):
 garbage-first heap   total 262144K, used 31841K [0x00000000e0000000, 0x0000000100000000)
  region size 1024K, 1 young (1024K), 1 survivors (1024K)
 Metaspace       used 35849K, committed 36288K, reserved 393216K
  class space    used 4985K, committed 5184K, reserved 327680K
}
Event: 9.641 GC heap before
{Heap before GC invocations=9 (full 0):
 garbage-first heap   total 262144K, used 188513K [0x00000000e0000000, 0x0000000100000000)
  region size 1024K, 153 young (156672K), 1 survivors (1024K)
 Metaspace       used 48705K, committed 49280K, reserved 393216K
  class space    used 6881K, committed 7104K, reserved 327680K
}
Event: 9.648 GC heap after
{Heap after GC invocations=10 (full 0):
 garbage-first heap   total 262144K, used 39271K [0x00000000e0000000, 0x0000000100000000)
  region size 1024K, 8 young (8192K), 8 survivors (8192K)
 Metaspace       used 48705K, committed 49280K, reserved 393216K
  class space    used 6881K, committed 7104K, reserved 327680K
}
Event: 11.389 GC heap before
{Heap before GC invocations=10 (full 0):
 garbage-first heap   total 262144K, used 187751K [0x00000000e0000000, 0x0000000100000000)
  region size 1024K, 153 young (156672K), 8 survivors (8192K)
 Metaspace       used 54271K, committed 54848K, reserved 393216K
  class space    used 7550K, committed 7808K, reserved 327680K
}
Event: 11.401 GC heap after
{Heap after GC invocations=11 (full 0):
 garbage-first heap   total 262144K, used 53555K [0x00000000e0000000, 0x0000000100000000)
  region size 1024K, 20 young (20480K), 20 survivors (20480K)
 Metaspace       used 54271K, committed 54848K, reserved 393216K
  class space    used 7550K, committed 7808K, reserved 327680K
}
Event: 12.234 GC heap before
{Heap before GC invocations=11 (full 0):
 garbage-first heap   total 262144K, used 189747K [0x00000000e0000000, 0x0000000100000000)
  region size 1024K, 153 young (156672K), 20 survivors (20480K)
 Metaspace       used 55099K, committed 55680K, reserved 393216K
  class space    used 7557K, committed 7808K, reserved 327680K
}
Event: 12.253 GC heap after
{Heap after GC invocations=12 (full 0):
 garbage-first heap   total 262144K, used 67565K [0x00000000e0000000, 0x0000000100000000)
  region size 1024K, 14 young (14336K), 14 survivors (14336K)
 Metaspace       used 55099K, committed 55680K, reserved 393216K
  class space    used 7557K, committed 7808K, reserved 327680K
}

Deoptimization events (20 events):
Event: 14.686 Thread 0x00000201afd3ea90 Uncommon trap: trap_request=0xffffffde fr.pc=0x0000020187e3e74c relative=0x00000000000001ac
Event: 14.686 Thread 0x00000201afd3ea90 Uncommon trap: reason=class_check action=maybe_recompile pc=0x0000020187e3e74c method=com.google.common.collect.SingletonImmutableSet.contains(Ljava/lang/Object;)Z @ 5 c2
Event: 14.686 Thread 0x00000201afd3ea90 DEOPT PACKING pc=0x0000020187e3e74c sp=0x0000001ed9efcfe0
Event: 14.686 Thread 0x00000201afd3ea90 DEOPT UNPACKING pc=0x00000201875823a3 sp=0x0000001ed9efcf78 mode 2
Event: 14.690 Thread 0x00000201afd3ea90 Uncommon trap: trap_request=0xffffffc6 fr.pc=0x0000020187dc4eb4 relative=0x0000000000000094
Event: 14.690 Thread 0x00000201afd3ea90 Uncommon trap: reason=bimorphic_or_optimized_type_check action=maybe_recompile pc=0x0000020187dc4eb4 method=java.util.Collections$SetFromMap.remove(Ljava/lang/Object;)Z @ 5 c2
Event: 14.690 Thread 0x00000201afd3ea90 DEOPT PACKING pc=0x0000020187dc4eb4 sp=0x0000001ed9efeef0
Event: 14.690 Thread 0x00000201afd3ea90 DEOPT UNPACKING pc=0x00000201875823a3 sp=0x0000001ed9efee88 mode 2
Event: 14.691 Thread 0x00000201afd3ea90 Uncommon trap: trap_request=0xffffffc6 fr.pc=0x0000020187c73c9c relative=0x000000000000027c
Event: 14.691 Thread 0x00000201afd3ea90 Uncommon trap: reason=bimorphic_or_optimized_type_check action=maybe_recompile pc=0x0000020187c73c9c method=java.util.stream.StreamOpFlag.fromCharacteristics(Ljava/util/Spliterator;)I @ 14 c2
Event: 14.691 Thread 0x00000201afd3ea90 DEOPT PACKING pc=0x0000020187c73c9c sp=0x0000001ed9efe6e0
Event: 14.691 Thread 0x00000201afd3ea90 DEOPT UNPACKING pc=0x00000201875823a3 sp=0x0000001ed9efe5c8 mode 2
Event: 14.694 Thread 0x00000201afd3ea90 Uncommon trap: trap_request=0xffffffc6 fr.pc=0x0000020187c73c9c relative=0x000000000000027c
Event: 14.694 Thread 0x00000201afd3ea90 Uncommon trap: reason=bimorphic_or_optimized_type_check action=maybe_recompile pc=0x0000020187c73c9c method=java.util.stream.StreamOpFlag.fromCharacteristics(Ljava/util/Spliterator;)I @ 14 c2
Event: 14.694 Thread 0x00000201afd3ea90 DEOPT PACKING pc=0x0000020187c73c9c sp=0x0000001ed9efe6e0
Event: 14.694 Thread 0x00000201afd3ea90 DEOPT UNPACKING pc=0x00000201875823a3 sp=0x0000001ed9efe5c8 mode 2
Event: 14.696 Thread 0x00000201afd3ea90 Uncommon trap: trap_request=0xffffffde fr.pc=0x0000020187e3e74c relative=0x00000000000001ac
Event: 14.696 Thread 0x00000201afd3ea90 Uncommon trap: reason=class_check action=maybe_recompile pc=0x0000020187e3e74c method=com.google.common.collect.SingletonImmutableSet.contains(Ljava/lang/Object;)Z @ 5 c2
Event: 14.696 Thread 0x00000201afd3ea90 DEOPT PACKING pc=0x0000020187e3e74c sp=0x0000001ed9efbb50
Event: 14.696 Thread 0x00000201afd3ea90 DEOPT UNPACKING pc=0x00000201875823a3 sp=0x0000001ed9efbae8 mode 2

Classes unloaded (0 events):
No events

Classes redefined (0 events):
No events

Internal exceptions (20 events):
Event: 14.281 Thread 0x00000201afd3ea90 Exception <a 'java/lang/NoSuchMethodError'{0x00000000ebef2fa0}: 'void java.lang.invoke.DirectMethodHandle$Holder.invokeSpecial(java.lang.Object, java.lang.Object, java.lang.Object, java.lang.Object, int, java.lang.Object, java.lang.Object)'> (0x00000000ebef2fa0) 
thrown [s\open\src\hotspot\share\interpreter\linkResolver.cpp, line 759]
Event: 14.292 Thread 0x00000201afd3ea90 Exception <a 'java/lang/NoSuchMethodError'{0x00000000ebd81b60}: 'void java.lang.invoke.DirectMethodHandle$Holder.invokeInterface(java.lang.Object, java.lang.Object, java.lang.Object, java.lang.Object)'> (0x00000000ebd81b60) 
thrown [s\open\src\hotspot\share\interpreter\linkResolver.cpp, line 759]
Event: 14.330 Thread 0x00000201ad1e3200 Exception <a 'java/lang/NoSuchMethodError'{0x00000000ebbeafa0}: static Lorg/gradle/internal/build/event/types/DefaultTaskStartedProgressEvent;.<clinit>()V> (0x00000000ebbeafa0) 
thrown [s\open\src\hotspot\share\prims\jni.cpp, line 1112]
Event: 14.330 Thread 0x00000201ad1e3200 Exception <a 'java/lang/NoSuchMethodError'{0x00000000ebbed250}: static Lorg/gradle/internal/build/event/types/AbstractProgressEvent;.<clinit>()V> (0x00000000ebbed250) 
thrown [s\open\src\hotspot\share\prims\jni.cpp, line 1112]
Event: 14.332 Thread 0x00000201ad1e3200 Exception <a 'java/lang/NoSuchMethodError'{0x00000000eba05308}: static Lorg/gradle/internal/build/event/types/DefaultTaskDescriptor;.<clinit>()V> (0x00000000eba05308) 
thrown [s\open\src\hotspot\share\prims\jni.cpp, line 1112]
Event: 14.335 Thread 0x00000201ad1e3200 Exception <a 'java/lang/NoSuchMethodError'{0x00000000eba44af8}: static Lorg/gradle/internal/operations/OperationIdentifier;.<clinit>()V> (0x00000000eba44af8) 
thrown [s\open\src\hotspot\share\prims\jni.cpp, line 1112]
Event: 14.336 Thread 0x00000201ad1e3200 Exception <a 'java/lang/NoSuchMethodError'{0x00000000eba59270}: static Lorg/gradle/internal/build/event/types/DefaultBinaryPluginIdentifier;.<clinit>()V> (0x00000000eba59270) 
thrown [s\open\src\hotspot\share\prims\jni.cpp, line 1112]
Event: 14.533 Thread 0x00000201afd3ea90 Exception <a 'java/lang/IncompatibleClassChangeError'{0x00000000eb1c1790}: Found class java.lang.Object, but interface was expected> (0x00000000eb1c1790) 
thrown [s\open\src\hotspot\share\interpreter\linkResolver.cpp, line 826]
Event: 14.535 Thread 0x00000201afd3ea90 Exception <a 'java/lang/NoSuchMethodError'{0x00000000eb1d2788}: static Ljava/lang/Object;.<clinit>()V> (0x00000000eb1d2788) 
thrown [s\open\src\hotspot\share\prims\jni.cpp, line 1112]
Event: 14.648 Thread 0x00000201afd3ea90 Exception <a 'java/lang/NoSuchMethodError'{0x00000000ea774788}: 'int java.lang.invoke.DirectMethodHandle$Holder.invokeStaticInit(java.lang.Object, java.lang.Object, java.lang.Object, java.lang.Object, java.lang.Object)'> (0x00000000ea774788) 
thrown [s\open\src\hotspot\share\interpreter\linkResolver.cpp, line 759]
Event: 14.678 Thread 0x00000201ad1e3200 Exception <a 'java/lang/NoSuchMethodError'{0x00000000ea51adb8}: static Lorg/gradle/internal/build/event/types/DefaultTaskFinishedProgressEvent;.<clinit>()V> (0x00000000ea51adb8) 
thrown [s\open\src\hotspot\share\prims\jni.cpp, line 1112]
Event: 14.680 Thread 0x00000201ad1e3200 Exception <a 'java/lang/NoSuchMethodError'{0x00000000ea53f6f0}: static Lorg/gradle/internal/build/event/types/DefaultTaskSuccessResult;.<clinit>()V> (0x00000000ea53f6f0) 
thrown [s\open\src\hotspot\share\prims\jni.cpp, line 1112]
Event: 14.680 Thread 0x00000201ad1e3200 Exception <a 'java/lang/NoSuchMethodError'{0x00000000ea540960}: static Lorg/gradle/internal/build/event/types/AbstractTaskResult;.<clinit>()V> (0x00000000ea540960) 
thrown [s\open\src\hotspot\share\prims\jni.cpp, line 1112]
Event: 14.680 Thread 0x00000201ad1e3200 Exception <a 'java/lang/NoSuchMethodError'{0x00000000ea541e88}: static Lorg/gradle/internal/build/event/types/AbstractResult;.<clinit>()V> (0x00000000ea541e88) 
thrown [s\open\src\hotspot\share\prims\jni.cpp, line 1112]
Event: 14.749 Thread 0x00000201afd3ea90 Exception <a 'java/lang/ClassNotFoundException'{0x00000000ea0e0298}: GradleDebuggerUtilBeanInfo> (0x00000000ea0e0298) 
thrown [s\open\src\hotspot\share\classfile\systemDictionary.cpp, line 256]
Event: 14.749 Thread 0x00000201afd3ea90 Exception <a 'java/lang/ClassNotFoundException'{0x00000000ea0ea500}: GradleDebuggerUtilCustomizer> (0x00000000ea0ea500) 
thrown [s\open\src\hotspot\share\classfile\systemDictionary.cpp, line 256]
Event: 14.752 Thread 0x00000201afd3ea90 Exception <a 'java/lang/ClassNotFoundException'{0x00000000e9f163c8}: java/util/ObjectsBeanInfo> (0x00000000e9f163c8) 
thrown [s\open\src\hotspot\share\classfile\systemDictionary.cpp, line 256]
Event: 14.752 Thread 0x00000201afd3ea90 Exception <a 'java/lang/ClassNotFoundException'{0x00000000e9f1d010}: java/util/ObjectsCustomizer> (0x00000000e9f1d010) 
thrown [s\open\src\hotspot\share\classfile\systemDictionary.cpp, line 256]
Event: 14.765 Thread 0x00000201afd3ea90 Exception <a 'java/lang/ClassNotFoundException'{0x00000000e9e07c38}: java/util/CollectionsBeanInfo> (0x00000000e9e07c38) 
thrown [s\open\src\hotspot\share\classfile\systemDictionary.cpp, line 256]
Event: 14.765 Thread 0x00000201afd3ea90 Exception <a 'java/lang/ClassNotFoundException'{0x00000000e9e0e288}: java/util/CollectionsCustomizer> (0x00000000e9e0e288) 
thrown [s\open\src\hotspot\share\classfile\systemDictionary.cpp, line 256]

VM Operations (20 events):
Event: 14.289 Executing VM operation: ICBufferFull
Event: 14.289 Executing VM operation: ICBufferFull done
Event: 14.323 Executing VM operation: HandshakeAllThreads
Event: 14.323 Executing VM operation: HandshakeAllThreads done
Event: 14.361 Executing VM operation: HandshakeAllThreads
Event: 14.361 Executing VM operation: HandshakeAllThreads done
Event: 14.539 Executing VM operation: HandshakeAllThreads
Event: 14.539 Executing VM operation: HandshakeAllThreads done
Event: 14.540 Executing VM operation: ICBufferFull
Event: 14.541 Executing VM operation: ICBufferFull done
Event: 14.558 Executing VM operation: HandshakeAllThreads
Event: 14.558 Executing VM operation: HandshakeAllThreads done
Event: 14.566 Executing VM operation: ICBufferFull
Event: 14.566 Executing VM operation: ICBufferFull done
Event: 14.589 Executing VM operation: HandshakeAllThreads
Event: 14.589 Executing VM operation: HandshakeAllThreads done
Event: 14.677 Executing VM operation: HandshakeAllThreads
Event: 14.677 Executing VM operation: HandshakeAllThreads done
Event: 14.760 Executing VM operation: ICBufferFull
Event: 14.760 Executing VM operation: ICBufferFull done

Events (20 events):
Event: 14.752 loading class java/util/ObjectsBeanInfo
Event: 14.752 loading class java/util/ObjectsBeanInfo done
Event: 14.752 loading class java/util/ObjectsCustomizer
Event: 14.752 loading class java/util/ObjectsCustomizer done
Event: 14.752 loading class java/util/ObjectsCustomizer
Event: 14.752 loading class java/util/ObjectsCustomizer done
Event: 14.765 loading class java/util/CollectionsBeanInfo
Event: 14.765 loading class java/util/CollectionsBeanInfo done
Event: 14.765 loading class java/util/CollectionsBeanInfo
Event: 14.765 loading class java/util/CollectionsBeanInfo done
Event: 14.765 loading class java/util/CollectionsCustomizer
Event: 14.765 loading class java/util/CollectionsCustomizer done
Event: 14.765 loading class java/util/CollectionsCustomizer
Event: 14.765 loading class java/util/CollectionsCustomizer done
Event: 14.771 Thread 0x00000201afd3c720 Thread added: 0x00000201afd3c720
Event: 14.785 Thread 0x00000201afd3cc30 Thread added: 0x00000201afd3cc30
Event: 14.785 Thread 0x00000201afd3d140 Thread added: 0x00000201afd3d140
Event: 14.786 Thread 0x00000201afd3d650 Thread added: 0x00000201afd3d650
Event: 14.786 Thread 0x00000201afd39ea0 Thread added: 0x00000201afd39ea0
Event: 15.661 Thread 0x00000201af249bf0 Thread exited: 0x00000201af249bf0


Dynamic libraries:
0x00007ff6ccd70000 - 0x00007ff6ccd80000 	C:\Program Files\Java\jdk-17\bin\java.exe
0x00007ff89b370000 - 0x00007ff89b568000 	C:\Windows\SYSTEM32\ntdll.dll
0x00007ff899f60000 - 0x00007ff89a022000 	C:\Windows\System32\KERNEL32.DLL
0x00007ff898d80000 - 0x00007ff899076000 	C:\Windows\System32\KERNELBASE.dll
0x00007ff898a80000 - 0x00007ff898b80000 	C:\Windows\System32\ucrtbase.dll
0x00007ff88ac90000 - 0x00007ff88acab000 	C:\Program Files\Java\jdk-17\bin\VCRUNTIME140.dll
0x00007ff890070000 - 0x00007ff890089000 	C:\Program Files\Java\jdk-17\bin\jli.dll
0x00007ff899d00000 - 0x00007ff899db1000 	C:\Windows\System32\ADVAPI32.dll
0x00007ff8997f0000 - 0x00007ff89988e000 	C:\Windows\System32\msvcrt.dll
0x00007ff899670000 - 0x00007ff89970f000 	C:\Windows\System32\sechost.dll
0x00007ff899e40000 - 0x00007ff899f60000 	C:\Windows\System32\RPCRT4.dll
0x00007ff898a00000 - 0x00007ff898a27000 	C:\Windows\System32\bcrypt.dll
0x00007ff899470000 - 0x00007ff899611000 	C:\Windows\System32\USER32.dll
0x00007ff898d50000 - 0x00007ff898d72000 	C:\Windows\System32\win32u.dll
0x00007ff899640000 - 0x00007ff89966b000 	C:\Windows\System32\GDI32.dll
0x00007ff870630000 - 0x00007ff8708cb000 	C:\Windows\WinSxS\amd64_microsoft.windows.common-controls_6595b64144ccf1df_6.0.19041.6456_none_60b8a6cb71f64256\COMCTL32.dll
0x00007ff899080000 - 0x00007ff899199000 	C:\Windows\System32\gdi32full.dll
0x00007ff898b80000 - 0x00007ff898c1d000 	C:\Windows\System32\msvcp_win.dll
0x00007ff891390000 - 0x00007ff89139a000 	C:\Windows\SYSTEM32\VERSION.dll
0x00007ff89a310000 - 0x00007ff89a33f000 	C:\Windows\System32\IMM32.DLL
0x00007ff88ac80000 - 0x00007ff88ac8c000 	C:\Program Files\Java\jdk-17\bin\vcruntime140_1.dll
0x00007ff8591e0000 - 0x00007ff85926e000 	C:\Program Files\Java\jdk-17\bin\msvcp140.dll
0x00007fff975c0000 - 0x00007fff981a0000 	C:\Program Files\Java\jdk-17\bin\server\jvm.dll
0x00007ff89a250000 - 0x00007ff89a258000 	C:\Windows\System32\PSAPI.DLL
0x00007ff88e790000 - 0x00007ff88e7b7000 	C:\Windows\SYSTEM32\WINMM.dll
0x00007ff8913f0000 - 0x00007ff8913f9000 	C:\Windows\SYSTEM32\WSOCK32.dll
0x00007ff899dc0000 - 0x00007ff899e2b000 	C:\Windows\System32\WS2_32.dll
0x00007ff8971d0000 - 0x00007ff8971e2000 	C:\Windows\SYSTEM32\kernel.appcore.dll
0x00007ff8888a0000 - 0x00007ff8888aa000 	C:\Program Files\Java\jdk-17\bin\jimage.dll
0x00007ff8966f0000 - 0x00007ff8968f1000 	C:\Windows\SYSTEM32\DBGHELP.DLL
0x00007ff88ffb0000 - 0x00007ff88ffe4000 	C:\Windows\SYSTEM32\dbgcore.DLL
0x00007ff8991a0000 - 0x00007ff899222000 	C:\Windows\System32\bcryptPrimitives.dll
0x00007ff888890000 - 0x00007ff88889e000 	C:\Program Files\Java\jdk-17\bin\instrument.dll
0x00007ff873d00000 - 0x00007ff873d25000 	C:\Program Files\Java\jdk-17\bin\java.dll
0x00007ff859100000 - 0x00007ff8591d7000 	C:\Program Files\Java\jdk-17\bin\jsvml.dll
0x00007ff89ab10000 - 0x00007ff89b280000 	C:\Windows\System32\SHELL32.dll
0x00007ff896a10000 - 0x00007ff8971b5000 	C:\Windows\SYSTEM32\windows.storage.dll
0x00007ff89a550000 - 0x00007ff89a8a4000 	C:\Windows\System32\combase.dll
0x00007ff898350000 - 0x00007ff89837b000 	C:\Windows\SYSTEM32\Wldp.dll
0x00007ff89a8b0000 - 0x00007ff89a97d000 	C:\Windows\System32\OLEAUT32.dll
0x00007ff89b280000 - 0x00007ff89b32d000 	C:\Windows\System32\SHCORE.dll
0x00007ff89a030000 - 0x00007ff89a08b000 	C:\Windows\System32\shlwapi.dll
0x00007ff898930000 - 0x00007ff898954000 	C:\Windows\SYSTEM32\profapi.dll
0x00007ff887f60000 - 0x00007ff887f78000 	C:\Program Files\Java\jdk-17\bin\zip.dll
0x00007ff873ce0000 - 0x00007ff873cf9000 	C:\Program Files\Java\jdk-17\bin\net.dll
0x00007ff8921c0000 - 0x00007ff8922ca000 	C:\Windows\SYSTEM32\WINHTTP.dll
0x00007ff898130000 - 0x00007ff89819a000 	C:\Windows\system32\mswsock.dll
0x00007ff8712c0000 - 0x00007ff8712d6000 	C:\Program Files\Java\jdk-17\bin\nio.dll
0x00007ff8885e0000 - 0x00007ff8885f0000 	C:\Program Files\Java\jdk-17\bin\verify.dll
0x00007ff891400000 - 0x00007ff891427000 	C:\Seokjin\hello-spring\native\1def1411415f61bf3af743bc5b6707747c0891f09f0c88961ee8f79bc544acac\windows-amd64\native-platform.dll
0x00007ff8645e0000 - 0x00007ff864658000 	C:\Seokjin\hello-spring\native\0.2.7\x86_64-windows-gnu\gradle-fileevents.dll
0x00007ff888570000 - 0x00007ff88857a000 	C:\Program Files\Java\jdk-17\bin\management.dll
0x00007ff887c20000 - 0x00007ff887c2b000 	C:\Program Files\Java\jdk-17\bin\management_ext.dll
0x00007ff897de0000 - 0x00007ff897e1b000 	C:\Windows\SYSTEM32\IPHLPAPI.DLL
0x00007ff899e30000 - 0x00007ff899e38000 	C:\Windows\System32\NSI.dll
0x00007ff892de0000 - 0x00007ff892df7000 	C:\Windows\SYSTEM32\dhcpcsvc6.DLL
0x00007ff892dc0000 - 0x00007ff892ddd000 	C:\Windows\SYSTEM32\dhcpcsvc.DLL
0x00007ff897e20000 - 0x00007ff897eea000 	C:\Windows\SYSTEM32\DNSAPI.dll
0x00007ff898390000 - 0x00007ff8983a8000 	C:\Windows\SYSTEM32\CRYPTSP.dll
0x00007ff897a00000 - 0x00007ff897a38000 	C:\Windows\system32\rsaenh.dll
0x00007ff8988f0000 - 0x00007ff89891e000 	C:\Windows\SYSTEM32\USERENV.dll
0x00007ff8982c0000 - 0x00007ff8982cc000 	C:\Windows\SYSTEM32\CRYPTBASE.dll
0x00007ff887bb0000 - 0x00007ff887bbe000 	C:\Program Files\Java\jdk-17\bin\sunmscapi.dll
0x00007ff899230000 - 0x00007ff89938d000 	C:\Windows\System32\CRYPT32.dll
0x00007ff8984a0000 - 0x00007ff8984c7000 	C:\Windows\SYSTEM32\ncrypt.dll
0x00007ff898460000 - 0x00007ff89849b000 	C:\Windows\SYSTEM32\NTASN1.dll
0x00007ff86d740000 - 0x00007ff86d747000 	C:\Windows\system32\wshunix.dll

dbghelp: loaded successfully - version: 4.0.5 - missing functions: none
symbol engine: initialized successfully - sym options: 0x614 - pdb path: .;C:\Program Files\Java\jdk-17\bin;C:\Windows\SYSTEM32;C:\Windows\WinSxS\amd64_microsoft.windows.common-controls_6595b64144ccf1df_6.0.19041.6456_none_60b8a6cb71f64256;C:\Program Files\Java\jdk-17\bin\server;C:\Seokjin\hello-spring\native\1def1411415f61bf3af743bc5b6707747c0891f09f0c88961ee8f79bc544acac\windows-amd64;C:\Seokjin\hello-spring\native\0.2.7\x86_64-windows-gnu

VM Arguments:
jvm_args: --add-opens=java.base/java.lang=ALL-UNNAMED --add-opens=java.base/java.lang.invoke=ALL-UNNAMED --add-opens=java.base/java.util=ALL-UNNAMED --add-opens=java.prefs/java.util.prefs=ALL-UNNAMED --add-exports=jdk.compiler/com.sun.tools.javac.api=ALL-UNNAMED --add-exports=jdk.compiler/com.sun.tools.javac.util=ALL-UNNAMED --add-opens=java.base/java.util=ALL-UNNAMED --add-opens=java.prefs/java.util.prefs=ALL-UNNAMED --add-opens=java.base/java.nio.charset=ALL-UNNAMED --add-opens=java.base/java.net=ALL-UNNAMED --add-opens=java.base/java.util.concurrent.atomic=ALL-UNNAMED --add-opens=java.xml/javax.xml.namespace=ALL-UNNAMED -XX:MaxMetaspaceSize=384m -XX:+HeapDumpOnOutOfMemoryError -Xms256m -Xmx512m -Dfile.encoding=UTF-8 -Duser.country=KR -Duser.language=ko -Duser.variant -javaagent:C:\Seokjin\hello-spring\wrapper\dists\gradle-8.14.3-bin\cv11ve7ro1n3o1j4so8xd9n66\gradle-8.14.3\lib\agents\gradle-instrumentation-agent-8.14.3.jar 
java_command: org.gradle.launcher.daemon.bootstrap.GradleDaemon 8.14.3
java_class_path (initial): C:\Seokjin\hello-spring\wrapper\dists\gradle-8.14.3-bin\cv11ve7ro1n3o1j4so8xd9n66\gradle-8.14.3\lib\gradle-daemon-main-8.14.3.jar
Launcher Type: SUN_STANDARD

[Global flags]
     intx CICompilerCount                          = 4                                         {product} {ergonomic}
   size_t CompressedClassSpaceSize                 = 335544320                                 {product} {ergonomic}
     uint ConcGCThreads                            = 3                                         {product} {ergonomic}
     uint G1ConcRefinementThreads                  = 10                                        {product} {ergonomic}
   size_t G1HeapRegionSize                         = 1048576                                   {product} {ergonomic}
    uintx GCDrainStackTargetSize                   = 64                                        {product} {ergonomic}
     bool HeapDumpOnOutOfMemoryError               = true                                   {manageable} {command line}
   size_t InitialHeapSize                          = 268435456                                 {product} {command line}
   size_t MarkStackSize                            = 4194304                                   {product} {ergonomic}
   size_t MaxHeapSize                              = 536870912                                 {product} {command line}
   size_t MaxMetaspaceSize                         = 402653184                                 {product} {command line}
   size_t MaxNewSize                               = 321912832                                 {product} {ergonomic}
   size_t MinHeapDeltaBytes                        = 1048576                                   {product} {ergonomic}
   size_t MinHeapSize                              = 268435456                                 {product} {command line}
    uintx NonNMethodCodeHeapSize                   = 5839372                                {pd product} {ergonomic}
    uintx NonProfiledCodeHeapSize                  = 122909434                              {pd product} {ergonomic}
    uintx ProfiledCodeHeapSize                     = 122909434                              {pd product} {ergonomic}
    uintx ReservedCodeCacheSize                    = 251658240                              {pd product} {ergonomic}
     bool SegmentedCodeCache                       = true                                      {product} {ergonomic}
   size_t SoftMaxHeapSize                          = 536870912                              {manageable} {ergonomic}
     bool UseCompressedClassPointers               = true                           {product lp64_product} {ergonomic}
     bool UseCompressedOops                        = true                           {product lp64_product} {ergonomic}
     bool UseG1GC                                  = true                                      {product} {ergonomic}
     bool UseLargePagesIndividualAllocation        = false                                  {pd product} {ergonomic}

Logging:
Log output configuration:
 #0: stdout all=warning uptime,level,tags
 #1: stderr all=off uptime,level,tags

Environment Variables:
JAVA_HOME=C:\Program Files\Java\jdk-17
PATH=C:\Program Files\Common Files\Oracle\Java\javapath;C:\Python27\;C:\Python27\Scripts;C:\Program Files\Java\jdk-17\bin;C:\Windows\system32;C:\Windows;C:\Windows\System32\Wbem;C:\Windows\System32\WindowsPowerShell\v1.0\;C:\Windows\System32\OpenSSH\;C:\Program Files (x86)\Pulse Secure\VC142.CRT\X64\;C:\Program Files (x86)\Pulse Secure\VC142.CRT\X86\;C:\ProgramData\chocolatey\bin;C:\Users\User\AppData\Roaming\nvm;C:\Program Files\nodejs;C:\Program Files\dotnet\;C:\Program Files (x86)\NVIDIA Corporation\PhysX\Common;C:\Program Files\NVIDIA Corporation\NVIDIA NvDLISR;C:\Program Files\Git\cmd;C:\Program Files\Docker\Docker\resources\bin;C:\Program Files\;C:\Ruby32-x64\bin;C:\Users\User\AppData\Local\Microsoft\WindowsApps;C:\Users\User\AppData\Local\Programs\Microsoft VS Code\bin;C:\Users\User\AppData\Local\GitHubDesktop\bin;C:\Users\User\AppData\Roaming\nvm;C:\Program Files\nodejs;C:\Users\User\AppData\Local\Android\Sdk\platform-tools;C:\Users\User\AppData\Roaming\npm
USERNAME=User
OS=Windows_NT
PROCESSOR_IDENTIFIER=Intel64 Family 6 Model 158 Stepping 10, GenuineIntel



---------------  S Y S T E M  ---------------

OS:
 Windows 10 , 64 bit Build 19041 (10.0.19041.5915)
OS uptime: 11 days 17:36 hours
Hyper-V role detected

CPU: total 12 (initial active 12) (6 cores per cpu, 2 threads per core) family 6 model 158 stepping 10 microcode 0xb4, cx8, cmov, fxsr, ht, mmx, 3dnowpref, sse, sse2, sse3, ssse3, sse4.1, sse4.2, popcnt, lzcnt, tsc, tscinvbit, avx, avx2, aes, erms, clmul, bmi1, bmi2, adx, fma, vzeroupper, clflush, clflushopt, hv

Memory: 4k page, system-wide physical 16303M (1052M free)
TotalPageFile size 46784M (AvailPageFile size 373M)
current process WorkingSet (physical memory assigned to process): 418M, peak: 467M
current process commit charge ("private bytes"): 499M, peak: 547M

vm_info: Java HotSpot(TM) 64-Bit Server VM (17.0.12+8-LTS-286) for windows-amd64 JRE (17.0.12+8-LTS-286), built on Jun  5 2024 06:46:59 by "mach5one" with MS VC++ 17.6 (VS2022)

END.
